instanceID, capacity, shortageCost, simulatedSolutionValue, simulationRuns, milpSolutionValue, milpOptimalityGap, piecewisePartitions, piecewiseSamples, milpMaxLinearizationError, simulatedLinearizationError,cplexSolutionTimeMs, simplexIterations, exploredNodes,instance,n_items,coeff_of_var
cd05356994028bbcfb3cd85077528a810a4421dea141977681235c2206fdf753,116.10846413274392,10.0,356.84499543424243,100000,356.9073423287619,0.0,100,0,0.0015735084603699,-0.0174717020883521,1801.0,241,0,P05_UNCORRELATED,25,0.1
f7217ac5ba7d75616b2bc37f0186f65ee3b27e21f8ce2f252b23012e8db311fa,260.2867799458042,10.0,506.7359858709608,100000,506.94366422365545,0.0,100,0,0.0020484237955148,-0.0409835414269409,2323.0,525,0,P05_UNCORRELATED,25,0.1
b04fa84a74ce1b7da7f7a33d3e669d54879e3117ced5594de7cff9c954d0da94,330.7185220868661,10.0,574.9530283370932,100000,575.2775499127526,0.0,100,0,0.0023375769949092,-0.0564431457293203,2548.0,582,15,P05_UNCORRELATED,25,0.1
dc386dba03117d503f35dd52d60831090f07a4c07cb7c4ccf223f5481f96368a,508.0002450797488,10.0,810.6751679494677,100000,810.8395672103208,0.0,100,0,0.0019367519154406,-0.0202793014209281,2942.0,409,0,P05_UNCORRELATED,25,0.1
0e9c71196a05a749fedf6ec7ce931e2240658ec5e11af5378e8d3377d94f972c,507.9358508990788,10.0,911.0346425353432,100000,911.1065974702004,0.0,100,0,0.0017567276319909,-0.0078981557338996,2668.0,1731,113,P05_UNCORRELATED,25,0.1
cf3241e529381952404c6a26a183fe909603e331b0ebad2bb8397f14cb3cda06,677.2632613258763,10.0,1023.8243789343018,100000,1024.108639183448,0.0,100,0,0.0019313033023604,-0.027764551713664,3206.0,765,25,P05_UNCORRELATED,25,0.1
10e692be69e1e7b33f4b0aa9212b1943a286ad25ab1d6d104ca72c63268bca62,858.9901041571254,10.0,1197.6622546091887,100000,1198.2089294020525,0.0,100,0,0.0020644334211413,-0.0456451550309694,2522.0,654,0,P05_UNCORRELATED,25,0.1
f98d7f949749554f8fdbb95e88b6e4729d0e78aa5785a4b18569cd333ff9ca6a,997.9619811631276,10.0,1328.4770868375706,100000,1328.5848906538852,0.0,100,0,0.001966696832001,-0.0081148419782834,1765.0,559,0,P05_UNCORRELATED,25,0.1
8be4d492666231ae10b052b7dd31b4d00bc7cd1046a31a8fe18322b7f65ca1e1,1064.6533536483,10.0,1258.2851148798711,100000,1259.361759777722,0.0,100,0,0.0021739639044017,-0.0855644627055507,1636.0,860,0,P05_UNCORRELATED,25,0.1
f1137bd732bbd6002a981a1b4a4929908cecb1e35f73ed437981fd93a4600b9b,1133.3468785043312,10.0,1193.3003445742945,100000,1193.6758589958167,0.0,100,0,0.0023781923754513,-0.031468558877872,2126.0,676,0,P05_UNCORRELATED,25,0.1
d7209ea6140aa2519d8e33b18ec7370bb1458bea470127d13ab17d03fc93cc1f,116.10846413274392,10.0,343.4435825415076,100000,343.6650955279186,0.0,100,0,0.0032698160990195,-0.0644976344503976,3334.0,1320,62,P05_UNCORRELATED,25,0.2
031e3a5b6ebd36b46b12e07347b4c850103ef706842a636e1538e5a5494dd623,260.2867799458042,10.0,492.5127892157074,100000,492.7586614113376,0.0,100,0,0.004163942711307,-0.0499219920809984,3272.0,533,0,P05_UNCORRELATED,25,0.2
b6d756c4cc538e4e34b620a75676f0ac36129976c433f3e06a3d9e5ddfd79061,330.7185220868661,10.0,551.0612758361694,100000,551.5734722655864,0.0,100,0,0.004868966090324,-0.0929472731756955,3754.0,1378,152,P05_UNCORRELATED,25,0.2
419f68e9213eb413f4119c89a08a7d68767462bc2fc76930e07249d8787f5ad7,508.0002450797488,10.0,786.0515494329507,100000,787.3856771886476,0.0,100,0,0.0039948440490815,-0.1697252243392154,3502.0,1023,0,P05_UNCORRELATED,25,0.2
5cf0cd08ab010a322797016ca01db80d6c8c0f9d89dd496ef5b0e5bad768f92e,507.9358508990788,10.0,891.5720114403091,100000,892.7101295872385,0.0,100,0,0.0035901523935928,-0.1276529693984901,2634.0,388,0,P05_UNCORRELATED,25,0.2
def104442f6e849308cf23207980b83a0d78e1b91e07553d2b6cda4a7ca5913e,677.2632613258763,10.0,998.313959547824,100000,999.7376618072316,0.0,100,0,0.0038731528754677,-0.1426106733048645,5438.0,2589,154,P05_UNCORRELATED,25,0.2
0a2dcdf00882e5c3b82e3ab0d80f003186ce207171d82c0779636980b60aa7a3,858.9901041571254,10.0,1161.8147458843964,100000,1163.492602904339,0.0,100,0,0.004230535835799,-0.1444169155096584,2308.0,589,0,P05_UNCORRELATED,25,0.2
a6c57404b7ebbedc4003ac2cfb3a960fee7f2a3f210072b362918461a9080b6a,997.9619811631276,10.0,1303.7586032577665,100000,1306.8130225668942,0.0,100,0,0.0040079681662069,-0.2342779791823059,2436.0,749,0,P05_UNCORRELATED,25,0.2
71b9ed199c612ac0a9ad290943b7e539d46175fc74849608c5393b56faf69104,1064.6533536483,10.0,1235.75183119151,100000,1238.1320689830463,0.0,100,0,0.0043908155187092,-0.1926145469872581,1953.0,631,0,P05_UNCORRELATED,25,0.2
a3a35592dfe81993b11ff4d93952d6993a3d26ee384a9aca97377e9188544330,1133.3468785043312,10.0,1185.57037506581,100000,1186.491531543861,0.0,100,0,0.0046193497726215,-0.077697325896797,2760.0,737,0,P05_UNCORRELATED,25,0.2
f3cc47b06c3a37b1c3122d6ff8740e197134a9bd1e0005708274ed5bf24e4aec,230.46228554236768,10.0,861.0643640726403,100000,861.3446479034214,0.0,100,0,0.0008166140119561896,-0.0325508571107847,3221.0,489,0,P05_UNCORRELATED,50,0.1
f365d37793eae7ecfa74303626b0e057dcfdd3c64f5fb8ddf1abab3f91296797,488.9862060562209,10.0,944.6154778556588,100000,944.9173959450512,0.0,100,0,0.0016218740004646,-0.0319620095658172,3221.0,347,0,P05_UNCORRELATED,50,0.1
f18e504b48fdbadfaba22b57fc59e26cfb9fd6fcc2556ecfc1f594bbac0bf6c4,673.2803881476872,10.0,1238.636482443651,100000,1239.5520246139258,0.0,100,0,0.0016130244185165,-0.073915324088359,4479.0,3629,162,P05_UNCORRELATED,50,0.1
7ffa7206751e7139c19957f001e6963a1b209a9d9ff01a9d1f0f051767a5fb2d,1006.8072113503724,10.0,1722.965157486457,100000,1724.408401840143,0.0,100,0,0.0014070857529107,-0.0837651502942412,4092.0,848,0,P05_UNCORRELATED,50,0.1
6fa1008e1cc1aa6541f7db681dadde9517447fe1db41220aa4a108c5efc529ca,1119.6345765103188,10.0,1892.061625928224,100000,1893.53987654978,0.0,100,0,0.001350219587934,-0.0781290948084543,5109.0,1647,104,P05_UNCORRELATED,50,0.1
def892a0afa62dcd9d7b4a1bde69efca1c9a07f6667950d44c799d558f9fddad,1338.503155357442,10.0,1898.3886306767824,100000,1899.878843247921,0.0,100,0,0.0015150314888131,-0.0784988145766145,4275.0,577,0,P05_UNCORRELATED,50,0.1
d9cd2d5d1a7b9a1af60f7538154de1317dc341ab84bd1969846aa3ca9bcb18c3,1525.452019385088,10.0,2057.040329151662,100000,2057.991517810722,0.0,100,0,0.001563801162543,-0.0462406422266435,2846.0,420,0,P05_UNCORRELATED,50,0.1
109d8ebafe8dc2cfa47240a148b69a8bcb23af3f2a7efa37f99ce7d5c97f0469,1785.3808284860645,10.0,2363.0535387765904,100000,2365.4635352733276,0.0,100,0,0.001450205775859,-0.1019865380614666,5579.0,1209,96,P05_UNCORRELATED,50,0.1
0b0c5f314839d164f0815d243ab9af796cee37f462344b4a50039c0e9d0e23e5,2050.1645442845233,10.0,2200.9809559369833,100000,2201.4551886403647,0.0,100,0,0.0017607843963731,-0.0215464246567965,4094.0,887,0,P05_UNCORRELATED,50,0.1
d85f2d7dc4f595ee123230188dffbda13e94c4472aac9fd7934948918560a0f8,2281.2270249152775,10.0,2661.935403295022,100000,2662.3610313400595,0.0,100,0,0.001517103740936,-0.0159894204987404,2598.0,644,0,P05_UNCORRELATED,50,0.1
05040d9b1acea46156bf8a5d47d51caa36dacc99b8291682c2f2881b1b6d5792,230.46228554236768,10.0,844.4713609453913,100000,845.2959571305355,0.0,100,0,0.001618742194846,-0.0976464357797797,3178.0,480,0,P05_UNCORRELATED,50,0.2
b34d0a6e631f086df556dae856e7f712f0ed405e4dc340db0dd61453b2f73e8c,488.9862060562209,10.0,911.208615958765,100000,912.7210691954706,0.0,100,0,0.0033626706812803,-0.1659832018943551,3787.0,465,0,P05_UNCORRELATED,50,0.2
c70b554afc94c9c989c29bd3f3dbf9308d730e7aee6dd40c3ae0d9ae71060af0,673.2803881476872,10.0,1206.7224220108474,100000,1208.8927849151528,0.0,100,0,0.003074379547245,-0.1798560186433588,4054.0,1931,190,P05_UNCORRELATED,50,0.2
2d53daad8f6c44173d3bb20a5c56f295f6f5fd11867eaadfc1582445a955e9b6,1006.8072113503724,10.0,1683.1706784151563,100000,1685.316312961801,0.0,100,0,0.002828039499196,-0.1274757559741225,3096.0,554,0,P05_UNCORRELATED,50,0.2
632a1895153a39cd75faea70d86235c459305cc1bdd7453e9aaa8fb8f6b7d5e7,1119.6345765103188,10.0,1854.8384612843188,100000,1857.244959188938,0.0,100,0,0.0026509678466851,-0.1297416435366023,2798.0,792,0,P05_UNCORRELATED,50,0.2
a638a6766e65ce20f61909c980c673a59131a9c65ca269f7f9eb3414ed06adea,1338.503155357442,10.0,1865.2570214849688,100000,1866.3994675452163,0.0,100,0,0.0029966012993938,-0.0612487205295691,4703.0,1542,153,P05_UNCORRELATED,50,0.2
c44e7f4b3cab1585343240ef2d70257c53e591700a5a5510b55dc937deab3db3,1525.452019385088,10.0,2032.0688858987487,100000,2034.849897202616,0.0,100,0,0.0031365539042443,-0.1368561530155619,2450.0,567,0,P05_UNCORRELATED,50,0.2
f14d8c78c3e3cd3dff0238f1273a2b9796782b8538cfb60fa3499da7de6ea6d4,1785.3808284860645,10.0,2322.8073057660827,100000,2326.6771101738045,0.0,100,0,0.0029099734013699,-0.1666003201434551,2775.0,578,0,P05_UNCORRELATED,50,0.2
51c9a5371a357f0ff2693956c0b00ec98ee2d5d33923486afdaea82fad70019c,2050.1645442845233,10.0,2175.194792916998,100000,2178.5694763090182,0.0,100,0,0.0034847106321638,-0.1551439624170334,2799.0,728,0,P05_UNCORRELATED,50,0.2
8568203d7fdeb0ae5e801f9d9cbffc5bcab74a04969653d20643f37281a0b559,2281.2270249152775,10.0,2635.363085783731,100000,2638.5129083224747,0.0,100,0,0.0030433756375032,-0.1195213879914716,3235.0,652,0,P05_UNCORRELATED,50,0.2
fcdb14c2a962df907a5112ba4f4c70fa931f46ae45012750018b9337f78418fc,447.6870558288326,10.0,1814.277487696014,100000,1815.1164535555497,0.0,100,0,0.000650937047312932,-0.0462424224092114,3963.0,3778,410,P05_UNCORRELATED,100,0.1
c6a5aca5901333389cfd31cacef7ad7da75db3a690f514a6091e71eebf8dba46,1008.253974586664,10.0,2166.195833927828,100000,2168.3746941159807,0.0,100,0,0.0010181025552326,-0.1005846357022033,3692.0,5545,524,P05_UNCORRELATED,100,0.1
820f31ea2320188532c13d5433eab27952214cd777829ccca224b746c53e86d5,1276.6190229759368,10.0,2907.7459785967767,100000,2910.2909755271735,0.0,100,0,0.000808781191491761,-0.0875247339048839,3994.0,4928,588,P05_UNCORRELATED,100,0.1
f3cdf914791e30b55b88265bfe96c63fd529a97d324a875936a535687ca9ec09,1849.9340389557417,10.0,3118.8419324618335,100000,3123.3477709743956,0.0,100,0,0.0010376482646724,-0.144471525333299,4451.0,3687,456,P05_UNCORRELATED,100,0.1
fbc5cf70daf91e26c7dc8b5ddfe4875032b055ea9f7a621be76071d5369e6866,2363.862328567923,10.0,3747.31380753736,100000,3751.5467949974473,0.0,100,0,0.0010350759052676,-0.1129605812988657,3918.0,1020,48,P05_UNCORRELATED,100,0.1
d79cfb1fda2687fa0ce9615e558904476b5b74055b0dc9471efa68b5f69cbbbc,2676.3251024853316,10.0,4404.01741923392,100000,4408.475203586262,0.0,100,0,0.0009463139504975206,-0.1012208610454927,2614.0,600,0,P05_UNCORRELATED,100,0.1
6a9a4f3e643b3d119687c55ea09686c283c66cc2f28bdb27d54507d6f25b0d63,3437.617036735994,10.0,4562.31017562214,100000,4567.305665844956,0.0,100,0,0.0010938288922872,-0.1094947522311834,2130.0,747,0,P05_UNCORRELATED,100,0.1
50f3ffdcbaa8a9ed86357f51befa6f85e499dfd31c410403dbb74a6c668a393a,4006.977012186977,10.0,4490.686641014689,100000,4495.86087166608,0.0,100,0,0.0012410020275465,-0.1152213695815216,2540.0,770,0,P05_UNCORRELATED,100,0.1
a2f12a9d6dabf9557dc1b2a91a7cc0983b70ad543cc34aaf8306f5b5e5c10a66,4175.238338910199,10.0,4258.177024535354,100000,4261.177833230427,0.0,100,0,0.0013072861774453,-0.070471675502978,2956.0,714,0,P05_UNCORRELATED,100,0.1
dd20511b78a0ba8abe1337cf57e869ae0abad8b05abb6761d16bd16365d97eb4,4329.982020871435,10.0,5218.797063160021,100000,5222.939862409516,0.0,100,0,0.0010846496472339,-0.0793822637545922,1724.0,693,0,P05_UNCORRELATED,100,0.1
c9e5aef0362fe4a4ed7cc0a13b3caa22ecad5b2cdea969a9ae604c4b58b650a1,447.6870558288326,10.0,1790.0033752024078,100000,1791.555167804464,0.0,100,0,0.0013103357883866,-0.086692160671522,4907.0,745,0,P05_UNCORRELATED,100,0.2
688f8834bd1fa0a44c55e03dc1e044b828d98f35c1916ef0cd603e23712e4b8c,1008.253974586664,10.0,2125.1220813942614,100000,2129.092024665243,0.0,100,0,0.0020316711011146,-0.1868101275563947,5985.0,1616,175,P05_UNCORRELATED,100,0.2
b3bb4f3ebe362af1b3f22ba6d45594bae3a6e79cb6971f0fa62a2489a01060eb,1276.6190229759368,10.0,2863.4118970756203,100000,2868.934216295399,0.0,100,0,0.0015838698659311,-0.1928580105928364,4568.0,763,0,P05_UNCORRELATED,100,0.2
16657bb70f8c72c66d1400da54e4e64300e28790ad1c3b0725161c47db388b25,1849.9340389557417,10.0,3062.6042379550418,100000,3070.1941873767214,0.0,100,0,0.002073871134498,-0.2478266479101981,3320.0,571,0,P05_UNCORRELATED,100,0.2
ff84869bfaf1d1457190039f3a7c32e8eefcae4a1ae27fddd8b1e9fa14a93c44,2363.862328567923,10.0,3695.0828636787846,100000,3702.924664521608,0.0,100,0,0.0020695605604797,-0.2122225977637811,4911.0,1418,27,P05_UNCORRELATED,100,0.2
c64bbe2ec9d07b95890e162e51137461ebb48680f9de52a6c5961f13f9b6db80,2676.3251024853316,10.0,4335.185085827723,100000,4349.604489278818,0.0,100,0,0.0018938088050834,-0.3326133294339283,5600.0,1378,140,P05_UNCORRELATED,100,0.2
49354466fae081cfe6bae9afdd6d6177b12cc49e23796595c7d316a1492e0a19,3437.617036735994,10.0,4505.861491510284,100000,4515.403873047519,0.0,100,0,0.0021851438479917,-0.211777072047453,4411.0,909,0,P05_UNCORRELATED,100,0.2
03fdaf45963920ced40545188e23e67c995188ddf4e8bcdbcff5f77130ad1946,4006.977012186977,10.0,4442.173530885971,100000,4453.19463692881,0.0,100,0,0.0024781333018569,-0.24810165488157,5050.0,1145,44,P05_UNCORRELATED,100,0.2
f2bf093486a7542fb960218710a8d85d64d44299814d88615194d8d42cb966ea,4175.238338910199,10.0,4227.018806456741,100000,4233.681146281104,0.0,100,0,0.0025910756910682,-0.1576132051786974,3112.0,752,0,P05_UNCORRELATED,100,0.2
b1296e3130074eeb6834e731686ddaf757befacb9e00a6a19453ba6cba47ec0c,4329.982020871435,10.0,5179.436774184264,100000,5187.7613896537905,0.0,100,0,0.0021469861148433,-0.1607243380403512,2937.0,607,0,P05_UNCORRELATED,100,0.2
c8959b378e44f64e6dac0ef92a925e401a44ec0adaa8336269a174e04de9ba9f,933.3247458861342,10.0,3305.393270241821,100000,3307.4605237966107,0.0,100,0,0.0004943569321973191,-0.0625418334756402,6111.0,9838,2215,P05_UNCORRELATED,200,0.1
934256d0b312735db3386257c4abd97f6df1985f95c93fb1889dfae84462813b,1777.6688159967152,10.0,4846.405658492219,100000,4851.909157978816,0.0,100,0,0.0005477735834161326,-0.113558374482204,4025.0,570,0,P05_UNCORRELATED,200,0.1
19a7f39e5dc18bc5ba3eb46189bba1a9c861fcd15a319cc63e2f3939c0636f05,2781.2512387474967,10.0,5944.5315155086555,100000,5950.908198607318,0.00012762535535931118,100,0,0.0006511231426770303,-0.1072697332334146,5587.0,1513,85,P05_UNCORRELATED,200,0.1
1d39775dbdabc97a5391ca904e2ce97d33a7bfc8770a45d83667021bd32624f4,3748.7465928362058,10.0,7075.297508994178,100000,7085.065259251344,0.0,100,0,0.0006720208416610898,-0.1380542690218909,4774.0,3549,530,P05_UNCORRELATED,200,0.1
a796e3abf3aa721c24532d806557339f3c7f6d4a6a1571a976f695a14b91bb84,4564.408327991022,10.0,7256.973729338009,100000,7266.180313883292,0.0,100,0,0.0007525967548049829,-0.126865342064872,3206.0,559,0,P05_UNCORRELATED,200,0.1
6c805d6d2fb918a1da269e3dcfbdaeddb90ab1675401bac8ed54fca63967d1b6,5594.421581219217,10.0,7969.885355232094,100000,7980.661954497688,0.0,100,0,0.0007742225489769282,-0.13521649039179,4219.0,802,0,P05_UNCORRELATED,200,0.1
c807163ea78b811caba15de73d6f86bfd1dbd5340838911c1ec01cfc49d7c811,6110.69114528739,10.0,8866.486426383477,100000,8881.089258869324,0.0,100,0,0.0007211338393175788,-0.1646969473995282,4874.0,878,10,P05_UNCORRELATED,200,0.1
e3667d533fc58f88fc653c26d0422ecdef9602c6952ff564c5ebe3439a6297f1,6607.878905441166,10.0,9195.474475114768,100000,9208.2279245525,0.0,100,0,0.0007069274019668013,-0.1386926740131391,2729.0,764,0,P05_UNCORRELATED,200,0.1
8209c62dd892c3e4740b632faa59e711995d348fb59232f243fd461b25043576,8228.987231305458,10.0,9967.8022413883,100000,9979.265147596723,4.693131228148571e-05,100,0,0.0007820733556969685,-0.1149993341644342,2269.0,754,0,P05_UNCORRELATED,200,0.1
948f22062f0521e41e24cca29363bf8ab0a089dfc30154d6e6475fd712a4bb22,9088.341733539515,10.0,10742.624753962247,100000,10749.030179905674,0.0,100,0,0.000770686845108214,-0.0596262653692953,5084.0,993,0,P05_UNCORRELATED,200,0.1
c739b222b639a1891eef39d484504b7bff2a518886dab3139c0c0cc5de54fc66,933.3247458861342,10.0,3257.6414298551367,100000,3264.6226780104353,0.0,100,0,0.0010032068112728,-0.2143037625724508,6440.0,5490,867,P05_UNCORRELATED,200,0.2
655805c9eb0594737c6e05aadc3235a98e606f8cb5a2abfa41bc2dfd08abdb20,1777.6688159967152,10.0,4790.562136620034,100000,4800.5331189332765,0.0,100,0,0.0010962320523036,-0.208138043696841,3400.0,774,0,P05_UNCORRELATED,200,0.2
fd6c831a0956e8702179028a40c81c4d82aab196840be484e14e6b0632b62396,2781.2512387474967,10.0,5870.149347166658,100000,5884.4753988223165,0.0,100,0,0.001315396740517,-0.2440491852660124,6326.0,1427,115,P05_UNCORRELATED,200,0.2
3d076fe89a4f6faccb295aeb7990b2a61761f94ed6d48fe0e4fded368b437b09,3748.7465928362058,10.0,6993.426856733979,100000,7011.467370414328,0.0,100,0,0.0013404518517812,-0.2579638573466743,3923.0,776,0,P05_UNCORRELATED,200,0.2
5beab7081f7819dea544330ce932e5ef083effea66326d06853bfaa1e6df2745,4564.408327991022,10.0,7171.441328280919,100000,7189.234717294192,-4.444277538242321e-05,100,0,0.0015159587908611,-0.2481145448837958,4013.0,756,0,P05_UNCORRELATED,200,0.2
09d80685458f78b7b345e66d9a199453a1e150a96712ad4c6a8f991ebfe636ff,5594.421581219217,10.0,7881.4517842155055,100000,7907.485089289,0.0,100,0,0.0015524829216664,-0.33031103642139,4577.0,768,0,P05_UNCORRELATED,200,0.2
ee75c553499d57ec1b1567ecaf8fc2003d8d1f6b86bda38d0140cba7b5ba108a,6110.69114528739,10.0,8792.339730136802,100000,8815.400160646992,0.0,100,0,0.0014440643598229,-0.2622786563984475,4846.0,1013,0,P05_UNCORRELATED,200,0.2
223483e949ff56c412974512d898d2788c7228b759be706f2bc9f6286119d12f,6607.878905441166,10.0,9128.6734847294,100000,9148.718381347046,8.808906566862842e-05,100,0,0.0014078318302485,-0.2195817021079349,5519.0,2928,344,P05_UNCORRELATED,200,0.2
397220235dadc5c7c4bf23e6a9604d51a85b6f9f2481f2a7728e95ff0299ce96,8228.987231305458,10.0,9908.25292339439,100000,9932.353720266388,0.0,100,0,0.0015627012684652,-0.2432396211353511,4941.0,1201,55,P05_UNCORRELATED,200,0.2
dae5470c6e44d02509116bd9c61114a6f98ed00affe516f99beaf1b43655100b,9088.341733539515,10.0,10699.202265182908,100000,10718.842002994976,0.0,100,0,0.00153265506386,-0.183562636963865,3288.0,783,0,P05_UNCORRELATED,200,0.2
474868bd661902634da24602b042e6077b32551df453233242ef0a132c79e4fb,2224.9587762685724,10.0,8386.124850559736,100000,8396.365829015107,0.0,100,0,0.0002986395587579384,-0.1221181253304085,8766.0,17879,6820,P05_UNCORRELATED,500,0.1
ea9d525634ce8fd696b9dfd74ff04d031a2a7240b0e0bb41c6abe5fcddd6a039,4553.6672144921795,10.0,12270.080646051136,100000,12284.426505846895,-2.8627438732068472e-05,100,0,0.0003524367656437534,-0.1169174042908722,5108.0,4866,593,P05_UNCORRELATED,500,0.1
5cae41737f522b78d2f8cd6082760bc40435dee5d5981b4358c29cfd30d4fb13,6587.89915529402,10.0,15009.542398307976,100000,15036.99344804995,0.0,100,0,0.0003747600394220949,-0.1828906505841948,6105.0,7179,1468,P05_UNCORRELATED,500,0.1
85fc4ffd3523dabfe0625f93cf36cd6fdd777f3bd5f90d1e9f0f7bcb78c6cd58,9299.966308407971,10.0,17054.42942311976,100000,17088.91348884369,0.0,100,0,0.0004346068906576051,-0.2022000552957876,7974.0,9740,2949,P05_UNCORRELATED,500,0.1
09e2b916adfc559643e56117eeabf2c3eb6145759258cd344100be05cdc91d83,11247.371470678978,10.0,19848.28012892134,100000,19891.815648949232,4.080989237364949e-05,100,0,0.0004312515993661367,-0.2193415235230237,4941.0,3306,696,P05_UNCORRELATED,500,0.1
f0a7d7c8d2059ce3794a04cb1b74a770a769220300eee53643fe619506e227ad,13736.724653952377,10.0,21968.953615317965,100000,22012.90033926163,-9.020644459500104e-06,100,0,0.0004398313883757056,-0.2000401326034092,5143.0,4502,911,P05_UNCORRELATED,500,0.1
b15c6af1df9039a54020c96aa209e705aa436e6dc655f317065429e5fa48649a,16609.75342993476,10.0,22947.58871861416,100000,23000.487707234715,-1.4958063018161236e-05,100,0,0.0004749345519522787,-0.230520902519256,3700.0,739,0,P05_UNCORRELATED,500,0.1
21d0efbc896ffeef1719f1abd6a15d3c4e329d0be49a16d2114aade8b747e5e9,19132.71134489918,10.0,24038.86875691323,100000,24097.31043341723,0.0,100,0,0.000497559863021251,-0.2431132558481709,4059.0,713,0,P05_UNCORRELATED,500,0.1
a2d9a953f60942a886ffdc5663442563480065475c0fc94e590b1684fb5bbef5,20669.894582947145,10.0,24301.648712115268,100000,24340.44280991254,0.0,100,0,0.0005085617006189293,-0.1596356619949486,2071.0,724,0,P05_UNCORRELATED,500,0.1
ae76177808ea2400e1a2bd948fcf384a119b38e95ef139a64af86adcb2fb7600,22435.1930755011,10.0,25482.923791232537,100000,25530.287681318652,0.0,100,0,0.0005074496034616423,-0.1858652110493333,2245.0,776,0,P05_UNCORRELATED,500,0.1
da387befb07ef1410f4165db7849add7a76ee22947975d34a16ef9d26f52e3bf,2224.9587762685724,10.0,8308.765651219657,100000,8330.772293934544,0.0,100,0,0.0005963511154399223,-0.2648605537653644,7870.0,6411,1043,P05_UNCORRELATED,500,0.2
e814019901958bf546419658057ae0bbda22cdafa60800f65ceeb46ceb0b6183,4553.6672144921795,10.0,12162.07990918034,100000,12199.470881064886,0.0,100,0,0.0007080449834142544,-0.3074389591563382,9568.0,190,0,P05_UNCORRELATED,500,0.2
28118f2836a2f309fe167ad7e70963807e528b0aa3f00277aa17e528230e060b,6587.89915529402,10.0,14888.67671661593,100000,14936.985317169629,8.252630456877198e-05,100,0,0.0007486519932687696,-0.324465373741268,9326.0,2476,308,P05_UNCORRELATED,500,0.2
b1a926332771ed1885e5bf363394bf859c8968eaa38b825fb6825579be51e034,9299.966308407971,10.0,16905.489170301516,100000,16972.271537629775,3.40583858149643e-05,100,0,0.0008734402720568168,-0.395033628755193,10398.0,7777,5253,P05_UNCORRELATED,500,0.2
0058f5b735029add81cc4c81686b7332a2f12a6a31dfbf552a1850afcd81e62a,11247.371470678978,10.0,19685.008467042702,100000,19766.352529469703,0.0,100,0,0.0008619872812697145,-0.4132284858459144,5806.0,136,0,P05_UNCORRELATED,500,0.2
3d3f83d705ce7ff6020d846f3a415ef5cffdfe1011376827799adab3a8a948b2,13736.724653952377,10.0,21798.142285112783,100000,21893.499366394695,0.0,100,0,0.000882757185913262,-0.4374550823399009,7176.0,219,0,P05_UNCORRELATED,500,0.2
937447970ac3c23ce2e46019743df94cad013a82e0442b830357efdd3ed5a237,16609.75342993476,10.0,22779.28203583816,100000,22882.702774701775,0.0,100,0,0.0009488765822654512,-0.4540122849390229,7897.0,3428,435,P05_UNCORRELATED,500,0.2
38a66a94bc899f2b4b49a5feba1c625aa495972352ac8df69d2c93d0a9450829,19132.71134489918,10.0,23899.52510691184,100000,23992.330238558883,4.354776682982336e-07,100,0,0.0009947661813004098,-0.388313705949768,7078.0,979,274,P05_UNCORRELATED,500,0.2
0f09e8bb50cb9bcb038caeaa38894f15e4b321aa23eed9e4781e399f356f5b24,20669.894582947145,10.0,24179.02335825407,100000,24265.363694378233,0.0,100,0,0.0010164146405047,-0.3570877733350938,6805.0,119,0,P05_UNCORRELATED,500,0.2
f97706c51348f0bc408c8c00335d928ca42e457c77a9277074290d0e62ef5916,22435.1930755011,10.0,25396.468292065176,100000,25473.302020833045,0.0,100,0,0.0010121683293965,-0.3025370609970812,4362.0,128,0,P05_UNCORRELATED,500,0.2
6edf823d7351bde6cd88310898b59f452c94f0d724d64b0cd258c755d80b733e,112.63131849856067,10.0,563.1463913576066,100000,563.2529620699754,0.0,100,0,0.0008976497510422115,-0.0189241579106795,2375.0,503,0,P05_WEAKLY_CORRELATED,25,0.1
15edebe68551685432612f69872ca8c4ec1e0558a004c625d3db615c97f12be0,200.63779113893116,10.0,1217.0978325581818,100000,1217.3481475967578,0.0,100,0,0.0005620199153285665,-0.0205665503528061,3857.0,596,20,P05_WEAKLY_CORRELATED,25,0.1
30fff6bc8037a6f813c984e07b5811ec09e775f5f37a348875a181d37dadb0ff,278.8633363153005,10.0,1323.7908734995804,100000,1323.9172799961373,0.0,100,0,0.0007170912895355795,-0.0095488267132966,2727.0,173,0,P05_WEAKLY_CORRELATED,25,0.1
650b239d2ed63f3a1e628836b0e6c8626ade6ded6a387be1ee5865394faab3f4,469.97216703269294,10.0,1375.437675474987,100000,1375.729314533566,0.0,100,0,0.0010610013788646,-0.0212033641203341,4095.0,402,0,P05_WEAKLY_CORRELATED,25,0.1
4cbe655d7e40ba903bf7bdc00fdd10d1c47d588becef8249fff8e0a5c72feb81,515.9189618187869,10.0,1588.98428753586,100000,1589.5427982882109,0.0,100,0,0.000946007456109073,-0.0351489159919278,3552.0,1224,55,P05_WEAKLY_CORRELATED,25,0.1
2f3034523118557e83492b4d7d8fbb0ecbe8a4753e1af801694f5e1676265ec2,669.2975149694981,10.0,1805.6383230680583,100000,1805.898419954143,0.0,100,0,0.000997482381143977,-0.0144047056800829,4098.0,725,11,P05_WEAKLY_CORRELATED,25,0.1
c7dd2fd37e034caccf0bb5d042c56bb885f63a99471c503435726c3612e305a1,907.9861870330462,10.0,1864.553180179302,100000,1866.4657338451475,0.0,100,0,0.001341780018835,-0.1025743693543559,3858.0,1416,100,P05_WEAKLY_CORRELATED,25,0.1
dd7e8dfa440d858290f5097d0506f8015d9c89931a83c05944f7c56faa0bcf35,1015.652441537617,10.0,2009.055126154416,100000,2009.2706674618628,0.0,100,0,0.0013427658041553,-0.0107284914505833,4824.0,1021,22,P05_WEAKLY_CORRELATED,25,0.1
11b63efb78b026d9e7f96d2231c921a557937ee8d9a1bab9032d95b5d6815f9b,1078.0584145275466,10.0,2176.688467197255,100000,2177.4338302274714,0.0,100,0,0.0012130240608911,-0.0342429815496904,2557.0,653,0,P05_WEAKLY_CORRELATED,25,0.1
fe121844db3bb5e963e7b72ae4990f2689b8810f8c0aa0e581dd5c45ed7397e0,1105.9222745163063,10.0,2302.7246305666613,100000,2302.80074825417,0.0,100,0,0.0011523863670942,-0.0033055488484419,3719.0,777,0,P05_WEAKLY_CORRELATED,25,0.1
1774666aaaf07de0d4b5afdb689de921638248c12311f53de3aa2f61770c2a0e,112.63131849856067,10.0,545.9431616121215,100000,546.1893761509518,0.0,100,0,0.0018518717520368,-0.0450989326623897,3193.0,1160,42,P05_WEAKLY_CORRELATED,25,0.2
f688c7bbd100a3e1e10de0d70075f5b7ab7a81445aef8dedb699515066081856,200.63779113893116,10.0,1200.0887499129988,100000,1200.601610388848,0.0,100,0,0.0010881449002057,-0.0427352123654559,2371.0,129,0,P05_WEAKLY_CORRELATED,25,0.2
2d4c8f74c56086ff6a26a52eb401ff382b51e927eb38f8100ad3f6f80630189d,278.8633363153005,10.0,1313.7218590386078,100000,1314.1529032991614,0.0,100,0,0.0013713255393485,-0.0328109224633747,3591.0,352,0,P05_WEAKLY_CORRELATED,25,0.2
a39cc7058175b6c6e6bd5af23a9c83a125e8201283ee14abfa53a131ba57a8c8,469.97216703269294,10.0,1343.2163252764158,100000,1344.631388507034,0.0,100,0,0.0021729057641457,-0.105348870765624,4440.0,1020,87,P05_WEAKLY_CORRELATED,25,0.2
954c360b4972ec3400b057f7ca11f7eaa6e48046933bdef8d8296d9e86e7a972,515.9189618187869,10.0,1552.9756906462214,100000,1555.1899938640577,0.0,100,0,0.0019358847243899,-0.1425845382624643,2580.0,439,0,P05_WEAKLY_CORRELATED,25,0.2
d2f1dc916fc762ef87b844652b0fe986561e50ed64e618e30d1ba52cfefefea4,669.2975149694981,10.0,1779.5167687739483,100000,1781.8810214590924,0.0,100,0,0.002024248772511,-0.1328592529517415,3970.0,4036,207,P05_WEAKLY_CORRELATED,25,0.2
e593016e709588b5ced18cd8a649005bbdbca217d5abe1cd53bc5ad35e12dfc7,907.9861870330462,10.0,1803.735232130883,100000,1808.227411219572,0.0,100,0,0.0027414954915972,-0.2490486967636505,4196.0,1070,141,P05_WEAKLY_CORRELATED,25,0.2
40940cc3dc5c847e6ff531d3c39a6fdb4ec6893cbb223fa631cbcec70bdd2ef8,1015.652441537617,10.0,1979.9827961720655,100000,1982.037520591584,0.0,100,0,0.0026575199614718,-0.1037748622609657,2903.0,724,0,P05_WEAKLY_CORRELATED,25,0.2
6cce107a405b638a2817feac3e2616d4fc0b0eacd9db6c5e002fcfa3787ac330,1078.0584145275466,10.0,2127.203604951111,100000,2131.943704656643,0.0,100,0,0.0024824849006629,-0.2228324404161074,2646.0,811,0,P05_WEAKLY_CORRELATED,25,0.2
243a89235d27790f044f0c29862ea09466fc2ba57b1457766c70ee4a90ccb7a9,1105.9222745163063,10.0,2285.8416424351767,100000,2288.490997241986,0.0,100,0,0.0023217955417412,-0.1159028148593357,2073.0,781,0,P05_WEAKLY_CORRELATED,25,0.2
05a061189db435e271125771cab9bed1424f3a590ebf6b5cf9699234c70d681c,228.73978263130465,10.0,1194.6153516708637,100000,1195.062836149297,0.0,100,0,0.0006289509397611903,-0.0374584570512569,3858.0,628,0,P05_WEAKLY_CORRELATED,50,0.1
79a4ce9b0a8bae01f8b8af26d78fab2650c3e99059655222546bb7e9ac3312eb,406.38790560144446,10.0,2298.0038019158947,100000,2298.667509807883,0.0,100,0,0.00045385722950488954,-0.0288819318503783,3813.0,160,0,P05_WEAKLY_CORRELATED,50,0.1
7a393ca09aee2e608ac9dafb1ef1a47d774ebacb1925a1523dda03fca1b1a4ee,614.3128876307193,10.0,2512.165930657427,100000,2514.254083410681,0.0,100,0,0.0005897956490630423,-0.0831216094355406,5770.0,252,0,P05_WEAKLY_CORRELATED,50,0.1
d7f26ec43e8d54d0312f2ce80910d7967d8ef69177394967afc47c12749afe0d,1009.7007378229551,10.0,2839.927302282877,100000,2842.5335277475588,0.0,100,0,0.0008139796226371801,-0.0917708514083158,6707.0,8049,909,P05_WEAKLY_CORRELATED,50,0.1
4e2abd93e285a3fce5ac41eba9fa75b65df069bd8c56985167a3394aabbed79d,1190.3954267643592,10.0,3104.594832696064,100000,3108.2576207005445,0.0,100,0,0.0008046905502155497,-0.1179795819379082,6080.0,3483,458,P05_WEAKLY_CORRELATED,50,0.1
ae9bb61894340c5bdba251def88af2141a769378903e688ab7ecadadc1f72886,1214.7348905944316,10.0,3638.70754095901,100000,3643.260030748163,0.0,100,0,0.0006814537482166242,-0.1251128247573572,5451.0,5353,594,P05_WEAKLY_CORRELATED,50,0.1
eea63ae35df2ce2c44f9c8fb6fbe9cd6c535641a98c65958402bc55856105fa7,1459.004268430867,10.0,3952.7732928207297,100000,3954.7215483630175,0.0,100,0,0.0007290844533221543,-0.0492883198190703,5631.0,692,0,P05_WEAKLY_CORRELATED,50,0.1
ed4be04cdde454ad479212786071804878f1ea420473b9dfecf3dbf320670e22,1914.487249425419,10.0,3741.8791777835095,100000,3745.886556635044,0.0,100,0,0.0009544159833247948,-0.1070953566680357,4588.0,1417,126,P05_WEAKLY_CORRELATED,50,0.1
92471947c720c74baa4063106f60b920e78900bc1a85b559e3edca6847cccd61,1890.1455097973376,10.0,4438.125848680069,100000,4444.910877948696,0.0,100,0,0.0007519495375766326,-0.1528805063210415,4598.0,811,0,P05_WEAKLY_CORRELATED,50,0.1
c62b9dcd842dac0ed08539bc9af25cc715f2d039b2a6265c22747f9811cf2593,2446.49763222057,10.0,4607.8718329693875,100000,4615.193611914922,0.0,100,0,0.0009348385651033656,-0.1588971918261128,4656.0,765,0,P05_WEAKLY_CORRELATED,50,0.1
acbf179f5966daecf8d0a11314f0ee03103d8fa66f864d5de0155b5bac83f595,228.73978263130465,10.0,1169.2430726746782,100000,1170.3491056166763,0.0,100,0,0.0012851981101294,-0.0945939272890692,4130.0,3021,313,P05_WEAKLY_CORRELATED,50,0.2
1a5233a291f6e158aa413f7336d384ac280f279508d08da202185ac6d7376082,406.38790560144446,10.0,2275.9604829483974,100000,2277.990452199106,0.0,100,0,0.0009054917329872207,-0.0891917617163114,3172.0,138,0,P05_WEAKLY_CORRELATED,50,0.2
55dd205326f6a66b06ae5f6d3e21e5b61098f63ad9371ae36ce02634a9f55fa9,614.3128876307193,10.0,2455.6011333726533,100000,2459.851769820598,0.0,100,0,0.0012067632024906,-0.1730996288516325,6032.0,1954,461,P05_WEAKLY_CORRELATED,50,0.2
63887e37bf72f353a06bda9c46ec6696c129619cba45024b53e5c2b07280f24d,1009.7007378229551,10.0,2777.3926564084595,100000,2779.1935170800707,0.0,100,0,0.0016023358130512,-0.0648399738314259,5579.0,3744,573,P05_WEAKLY_CORRELATED,50,0.2
f3b7f1ba1804f87a497a94a4c24f7907250b060ec0c022642fabd3469b525881,1190.3954267643592,10.0,3046.2821366258177,100000,3049.306458745789,0.0,100,0,0.0016026529381103,-0.0992791207225822,6077.0,1520,0,P05_WEAKLY_CORRELATED,50,0.2
1625506f3d0b2178c1b55c1accf03e15c519b0a6109868aeb45f0fa43f124595,1214.7348905944316,10.0,3603.0242436059007,100000,3605.752076262268,0.0,100,0,0.0013243107934438,-0.0757095282167001,3681.0,582,0,P05_WEAKLY_CORRELATED,50,0.2
e1b9491502f1b3ad9adb7d81d3a5c201b938a1f18e53d3bc29f38b0299192050,1459.004268430867,10.0,3910.4199948652854,100000,3915.7316646073623,0.0,100,0,0.0014329976331657,-0.1358337403412312,5831.0,910,17,P05_WEAKLY_CORRELATED,50,0.2
5d700c0c898e18d7839597699bb65480c9d83a7ba975fe1d7fcacb925c03d1e4,1914.487249425419,10.0,3666.753088046816,100000,3677.0518095479542,0.0,100,0,0.0019150661784997,-0.2808676028585257,5812.0,4545,1213,P05_WEAKLY_CORRELATED,50,0.2
d2bb9eda943dba6b96b82f43e31c3bc931696922a85e7eea39ded0a2fda101a9,1890.1455097973376,10.0,4373.047588418015,100000,4377.710557434796,0.0,100,0,0.0014857974684465,-0.1066297341270856,3061.0,684,0,P05_WEAKLY_CORRELATED,50,0.2
5a919c34a77cc047e6c9a1c28f546ccb00024b0c6dda789cc4be2ba9bbcb2c34,2446.49763222057,10.0,4536.890594243883,100000,4542.454724984938,0.0,100,0,0.0018487002457506,-0.1226419422173093,4707.0,1307,0,P05_WEAKLY_CORRELATED,50,0.2
fe6f965f6b168fafcb26e84b49fd3158279ef45724ba121a7fac4470a325e911,459.20206817367233,10.0,2889.831688498814,100000,2891.4549743283333,0.0,100,0,0.000347113875144838,-0.0561723312807386,4681.0,2483,511,P05_WEAKLY_CORRELATED,100,0.1
86c7c79818ab3873d3394b23076e6da0d4bedcd3670761cc1178fa8aebf97eeb,858.3955171856044,10.0,4048.129256947809,100000,4049.674337016467,0.0,100,0,0.0004111710417825012,-0.0381677552910595,12225.0,18520,7029,P05_WEAKLY_CORRELATED,100,0.1
fb0c7f22ad1e7fdf5e4c2edf9e43fdc7604265b7514233785c1668d715f63e44,1386.0180019648064,10.0,4899.246294935369,100000,4905.00883403126,0.0,100,0,0.00047647894602329867,-0.1176209308327305,5226.0,1379,78,P05_WEAKLY_CORRELATED,100,0.1
c962d214be9f04735fe30581ea20e8bb85f892acc75220638ba9734eb13ac31b,1705.4035930376886,10.0,6199.688448886592,100000,6202.548578042749,0.0,100,0,0.0004325165143955759,-0.0461334336352152,6374.0,6631,931,P05_WEAKLY_CORRELATED,100,0.1
0837928ca2d7e6aa4515ce4c8b8217b4258d1cb5ab0766968943052e7364e42b,2189.061141156589,10.0,6645.486134814017,100000,6649.385231942779,0.0,100,0,0.0004859254725294765,-0.058672865305305,5570.0,1206,69,P05_WEAKLY_CORRELATED,100,0.1
7277d0d3189737a75b5e040a320cedb2525193e695da1ab12cb84496aba2f2d4,2886.177375009661,10.0,6853.049505027498,100000,6857.657527444032,0.0,100,0,0.0006073701986505311,-0.0672404659145371,7876.0,14887,5461,P05_WEAKLY_CORRELATED,100,0.1
1b1a3e652ecb600a6742b3443e5e41cfefb10180f2964aac3087d138d861d621,3216.8335332140696,10.0,7673.122747295809,100000,7684.967358864733,0.0,100,0,0.000581076304969955,-0.1543649431790761,6316.0,3194,637,P05_WEAKLY_CORRELATED,100,0.1
6ed9c83d4c3635370be2098cc62abb25a2ab83170fffe620ef46c2a8e740d006,3490.5161734854346,10.0,8424.618039455307,100000,8441.018023436025,0.0,100,0,0.0005500682309570237,-0.1946673891197413,6896.0,13954,4153,P05_WEAKLY_CORRELATED,100,0.1
d82bda3315051693834a9df07fcef38ad7807cf269e3e4ae9278b54254f38b26,3592.479997210422,10.0,9028.686294017003,100000,9043.82601918342,0.0,100,0,0.0005393416525257117,-0.1676846960166196,15314.0,51130,15105,P05_WEAKLY_CORRELATED,100,0.1
ea86a22b4c4a0708cbacd63038d95870b5921853bb422b95258d7699d10b0c87,4798.834635110607,10.0,9321.113239702365,100000,9330.24907619705,0.0,100,0,0.0006385512916418075,-0.0980122895168055,6932.0,1211,23,P05_WEAKLY_CORRELATED,100,0.1
5540b11be45eb22af277782e53a7550335fdcbbd51a217c1748a3da1c8bf3f8d,459.20206817367233,10.0,2851.461705672459,100000,2854.8047412714914,0.0,100,0,0.0007035694605099869,-0.1172393650730724,7867.0,6870,2143,P05_WEAKLY_CORRELATED,100,0.2
c9ae75acebe18e1d9c558c9b696646ded8f349aa5374fc1c62b5a15142228816,858.3955171856044,10.0,4009.8991286065057,100000,4014.5786439419794,0.0,100,0,0.0008198198631768047,-0.1166990785900379,9448.0,13332,3429,P05_WEAKLY_CORRELATED,100,0.2
6e522248fdc2d36edab3c0d89316a09aadb78472bf52b3dbd9c9601b60e75009,1386.0180019648064,10.0,4829.904121269138,100000,4833.651840333354,-3.780503810726753e-05,100,0,0.0009399292027654992,-0.0775940675035795,6280.0,4741,933,P05_WEAKLY_CORRELATED,100,0.2
bb984e4cc4ceb5cb473431105370be59bfbe597ef13971a17c428a19a5c5832d,1705.4035930376886,10.0,6151.5019983176235,100000,6161.677595649262,0.0,100,0,0.00086195106041382,-0.1654164679524034,5598.0,1059,74,P05_WEAKLY_CORRELATED,100,0.2
7f18bff2fb492cf19399388fc8a458083eb383c099e0de2367827a49db484fc0,2189.061141156589,10.0,6565.798089570691,100000,6582.042324753653,0.0,100,0,0.0009791739132323548,-0.2474068645023393,5398.0,754,0,P05_WEAKLY_CORRELATED,100,0.2
b39969dbaa9bc8b591aff5b031575df3deca0b50423a503f4a67693084d5cd5f,2886.177375009661,10.0,6769.793127228038,100000,6788.407106627553,0.0,100,0,0.0012193372515315,-0.2749563989577341,8097.0,1758,147,P05_WEAKLY_CORRELATED,100,0.2
7079157436a9dfda59eb3c250834215a89f5d50ed0baef017bfebf040607621f,3216.8335332140696,10.0,7590.685546941494,100000,7607.574759116191,0.0,100,0,0.0011617922459873,-0.222499167832105,7692.0,4612,606,P05_WEAKLY_CORRELATED,100,0.2
9c263ba4392fea433cc7c6a0455f036c195528b529a0013ee8dd02dc29def11d,3490.5161734854346,10.0,8345.699057713979,100000,8364.691148978123,-2.0549970392031526e-05,100,0,0.0010947543431648,-0.227567410864044,5668.0,1299,61,P05_WEAKLY_CORRELATED,100,0.2
311e85a580d0286f59003b6a80b0f820eab92010e3842b2a02c0c847b4f533dc,3592.479997210422,10.0,8956.239079496214,100000,8976.102260142208,0.0,100,0,0.0010752618126924,-0.2217803753303966,4627.0,699,0,P05_WEAKLY_CORRELATED,100,0.2
9cf4ef004207973a0c7e8d153f70984021dc5f61b50b65662a3350a65d85a28f,4798.834635110607,10.0,9208.44724442541,100000,9225.001215893848,0.0,100,0,0.0012759357957423,-0.1797694120304556,9344.0,6197,1930,P05_WEAKLY_CORRELATED,100,0.2
654aa1ee20a76cd62bdfd5f6dc7919d2a0b48d8eb1e84506b538b881202b0bba,906.8891240025048,10.0,5813.16585696347,100000,5816.989503719458,0.0,100,0,0.00024440590138432254,-0.0657756349994371,4011.0,730,0,P05_WEAKLY_CORRELATED,200,0.1
d0eff8bf69f5a09e12222b4f0664d0fe940826600efa1169accaaf67a562edd0,1775.0913499604956,10.0,8384.743002670955,100000,8390.028816357952,0.0,100,0,0.00027719652319890944,-0.0630408551020889,9160.0,6458,1022,P05_WEAKLY_CORRELATED,200,0.1
c22fee79b9ef998951997ccac7d52057d8473887adda5a89fc2b8b5bd5e7a1d7,2731.754081834707,10.0,10273.93037228056,100000,10288.705741168238,0.0,100,0,0.0003193916596708332,-0.1438141816450572,9840.0,7146,2344,P05_WEAKLY_CORRELATED,200,0.1
8e532a0dcebce0eac6335ef442b7776ce0ca0462a65acabf70ec41fe948c10ef,3802.543182828608,10.0,11667.087718870069,100000,11682.022723645545,0.0,100,0,0.00037100699445110166,-0.1280097067524601,11044.0,13508,3462,P05_WEAKLY_CORRELATED,200,0.1
3b5677833a946a7c74426ae71440b82a1f9bfc5ca0c8035483afb69a68e1e6da,4315.399075622566,10.0,13555.582193042856,100000,13570.069395824356,0.0,100,0,0.0003416901820162044,-0.106872597393384,12778.0,11704,3809,P05_WEAKLY_CORRELATED,200,0.1
ec54878340d943ca0ab22eaec6f62ec005bb822c41dc13b8226e4133161d4489,5326.699174525422,10.0,14442.31031633664,100000,14464.41930716411,0.0,100,0,0.00036786747275290954,-0.15308486206988,13860.0,21229,8790,P05_WEAKLY_CORRELATED,200,0.1
7b858318761ffa0d16898c5710881356b69a8f6a103a099904b6323b41206cc5,6329.933799899787,10.0,15654.093976289278,100000,15685.002574100326,0.0,100,0,0.0003935905142259397,-0.1974473761168485,17202.0,24055,8398,P05_WEAKLY_CORRELATED,200,0.1
0ab88433dffe12f88012720e9d2e8fe56872da1deca7b870ed7259edaa012b93,7144.921142071224,10.0,16716.348172368278,100000,16735.183191033666,3.566145595577774e-05,100,0,0.0003975749625951211,-0.112674242431261,16564.0,14735,7000,P05_WEAKLY_CORRELATED,200,0.1
1a855a361aeca57e9a74ee9b233af166f3dec3a09f241ea231f77bdadb9f1695,8436.768142736973,10.0,17659.99653868471,100000,17697.385128517453,0.0,100,0,0.0004361331488878029,-0.2117134607067552,16751.0,28500,9440,P05_WEAKLY_CORRELATED,200,0.1
41b65c4b29234fcd3cef1946e1dd969069948fc0e6796a1fa1f24415c10b025c,9860.768155995493,10.0,18793.492793939706,100000,18842.484982756618,0.0,100,0,0.0004598754852530926,-0.2606869800844402,11107.0,4928,905,P05_WEAKLY_CORRELATED,200,0.1
e67912b9ff5ccdae14001c517e43c487dbe30a3b62aae38243de8a7a39cd753a,906.8891240025048,10.0,5760.21815696222,100000,5769.0877586935785,0.0,100,0,0.0004933049312300121,-0.1539803092464167,8861.0,12619,1323,P05_WEAKLY_CORRELATED,200,0.2
000e69c3cd272652102fdf8f393b2495695ddaf7089acf31e5e29bff619582d3,1775.0913499604956,10.0,8309.068119259711,100000,8326.650617680945,0.0,100,0,0.000559442142340627,-0.2116061412528237,7662.0,744,0,P05_WEAKLY_CORRELATED,200,0.2
fb449fbaa661e48083323fc115b48792a787f0a4a25e5c3fe39cbcfbd8ffea1a,2731.754081834707,10.0,10188.32161296715,100000,10209.38137457953,0.0,100,0,0.0006376917615288723,-0.2067049158084848,12773.0,26234,8175,P05_WEAKLY_CORRELATED,200,0.2
651f929329c34993b384bf2a51b045e1b9f0e21fdc7e4479feea4c2be0b20c6f,3802.543182828608,10.0,11557.67749385482,100000,11581.139304499278,0.0,100,0,0.0007417794742587536,-0.2029976235011947,19891.0,15780,6669,P05_WEAKLY_CORRELATED,200,0.2
6cfecb9751ff27c54e4e590a659e62ccedf1cddcb05f9928f0796d37c9142b9e,4315.399075622566,10.0,13422.039090712176,100000,13466.620895204656,0.0,100,0,0.0006868306218518098,-0.3321537375295529,17884.0,19517,8522,P05_WEAKLY_CORRELATED,200,0.2
d0da36d6562460eab4ef5c902049478f410d55c9b9ceefb81a2f10c7d4bc4bc4,5326.699174525422,10.0,14316.82327801657,100000,14353.063088358707,0.0,100,0,0.0007354053358144526,-0.2531274545924065,15843.0,11793,3985,P05_WEAKLY_CORRELATED,200,0.2
928459137c50ddcc8a4532fd303d50342e28ae3d11559c30b69888927ca1a6f1,6329.933799899787,10.0,15516.970781017171,100000,15570.163028277491,0.0,100,0,0.0007879748471613218,-0.3428004602895385,14117.0,19697,10776,P05_WEAKLY_CORRELATED,200,0.2
37d20312f04b51aed0be7bf13eb3af7bbc9b2cb18c15c884154b4a108edf5682,7144.921142071224,10.0,16573.809458951844,100000,16613.186731056954,0.0,100,0,0.0007932527258647632,-0.2375873344184102,18650.0,21303,7170,P05_WEAKLY_CORRELATED,200,0.2
0bd5033bea9c4f9c5b16168409380308733f81bd4dcfcbf14eb919558a512993,8436.768142736973,10.0,17498.13404420145,100000,17568.08178710387,0.0,100,0,0.0008748595704501159,-0.3997440111369959,14488.0,12985,5809,P05_WEAKLY_CORRELATED,200,0.2
e64389389613e70af1954094b0080591ca9f0799f1ed9f6d587b83f251b848ed,9860.768155995493,10.0,18615.38977444004,100000,18703.98005496717,0.0,100,0,0.0009225353481893396,-0.4758980692887144,14221.0,15114,4346,P05_WEAKLY_CORRELATED,200,0.2
f32c8c80859e3f69b5d3b5775029014d70780d16b115a5c02b45dded4181640c,2302.219870543575,10.0,14225.465192702692,100000,14241.983451489868,0.0,100,0,0.0001635443762549301,-0.1161175298200332,9562.0,10082,3291,P05_WEAKLY_CORRELATED,500,0.1
eb1cdb6fd8b69bc5dbf86e87d160a226b8f33d2a6824fc5d910213ea4a872a0a,4628.068127283994,10.0,20989.62221594086,100000,21017.670298200443,1.8744683854620747e-05,100,0,0.0001900307520777469,-0.1336283329496057,13151.0,5734,892,P05_WEAKLY_CORRELATED,500,0.1
dd79874f820a1705bbe5cbbcd734d7ac929f886904b3e4fd05b68e5339c9457e,6883.703055935226,10.0,25225.387512066107,100000,25272.197891331452,1.090582885715033e-07,100,0,0.0002089078987210512,-0.1855685239441996,18667.0,17560,5286,P05_WEAKLY_CORRELATED,500,0.1
39caaf9067c8dd3e4f24d394102b0b82521444972520774cef81a74dc1274044,8990.61948858992,10.0,30003.50260817928,100000,30059.727312357492,0.0,100,0,0.00021200761523843515,-0.187393801691949,15169.0,11903,4941,P05_WEAKLY_CORRELATED,500,0.1
63bf02a246056ca878dc7d98765be92b0f52404c6feeb62ea7ab240c4077f9bd,11697.758446361431,10.0,33243.81370732837,100000,33314.338066133365,0.0,100,0,0.00023577878066824076,-0.2121428047512067,12538.0,11922,6924,P05_WEAKLY_CORRELATED,500,0.1
b3c47c494b096fdf64ee7d2369338108e14b9ae37cfa50dc656cd6905db8963d,14503.129196630907,10.0,35877.459108737596,100000,35948.88202364791,3.364909813105319e-06,100,0,0.0002569018951650127,-0.199074618673087,13698.0,18360,6453,P05_WEAKLY_CORRELATED,500,0.1
f8beef5138fb87150e48da8d3aabe0ba9047831a117ab45541901dfa6090b1d0,16569.076211393523,10.0,39435.42312268392,100000,39511.16155490014,0.0,100,0,0.00025991054639690263,-0.1920568519845782,18828.0,15363,6871,P05_WEAKLY_CORRELATED,500,0.1
87941226997217289357c368c2fb3ff3563a2b3b9ccd9631514732d6009ac3df,18745.727138584814,10.0,42397.395526346045,100000,42498.37464289997,-1.0281766009961916e-05,100,0,0.0002626263849102826,-0.2381729238325006,14472.0,2760,271,P05_WEAKLY_CORRELATED,500,0.1
c696ea1a4cd0a364e1cd21ab5f7eb2d464d18b8958ea97ef4d3fa8c3a51ebc59,20563.050548972093,10.0,44915.67481440431,100000,45017.31766780437,-1.796548674598877e-05,100,0,0.0002627828583555093,-0.2262970640429124,7801.0,749,0,P05_WEAKLY_CORRELATED,500,0.1
e0cc525bc00345ced34281024cd0398603fea6fe9190382e5a9ebb97319ef7dc,23445.931206829016,10.0,47145.5392253668,100000,47274.12435818456,3.65578370111036e-06,100,0,0.00027933511251414337,-0.2727408253898626,6433.0,790,0,P05_WEAKLY_CORRELATED,500,0.1
05a12cef5df3951c1befa35cf4b2c14309c2e07b9a0801e81c9ebc2bf6ecd746,2302.219870543575,10.0,14132.712918316003,100000,14162.333409877534,5.214486240102992e-05,100,0,0.0003295869470706202,-0.2095881500793864,20399.0,20407,6749,P05_WEAKLY_CORRELATED,500,0.2
a89ae75e4bb2b8870895ad52d0056aa1a5e30780db609fe4382470472f21c2b8,4628.068127283994,10.0,20855.459501437264,100000,20905.22993217031,0.0,100,0,0.0003795508501774826,-0.2386446135584767,19448.0,18372,6933,P05_WEAKLY_CORRELATED,500,0.2
6e6a3113b537f4b11af32b81836f9ca055368e14ddf42fddfbc10893900be5cd,6883.703055935226,10.0,25058.298449831236,100000,25143.34369217806,-5.485373733669161e-06,100,0,0.0004184464026162491,-0.3393895340383576,13899.0,2918,723,P05_WEAKLY_CORRELATED,500,0.2
ed145502bfb1ffb6b3fc8469442e11061a84dfc5b60483b5c2f376d11f30078e,8990.61948858992,10.0,29805.76172727669,100000,29913.775751957503,0.0,100,0,0.0004247115343015973,-0.3623931026126488,10004.0,86,0,P05_WEAKLY_CORRELATED,500,0.2
bc71429f156dfd1584f3e7c735e68e022f0b1b8253b43c646779499c15a3fa02,11697.758446361431,10.0,33012.10940737456,100000,33149.951972839015,0.0,100,0,0.0004723880539722713,-0.4175515225745008,14917.0,16557,5185,P05_WEAKLY_CORRELATED,500,0.2
8c42f7fa4cab2add3a85b3d4fb4dc3bd8afcdf9ecc376d755288a5eba73711a3,14503.129196630907,10.0,35601.36511457867,100000,35767.06811056479,4.896668611617166e-06,100,0,0.0005156592531399547,-0.465440006170613,12710.0,17555,4053,P05_WEAKLY_CORRELATED,500,0.2
3751e6d83e51e55d33edc0ac60c87681c84bf715e58b56206467987225df1a81,16569.076211393523,10.0,39154.067035011416,100000,39325.46601210462,0.0,100,0,0.0005205928575458921,-0.4377552322723915,16226.0,15840,6946,P05_WEAKLY_CORRELATED,500,0.2
cd858d0c2cb50a1579b533afd066f8e39223f437df92b086841fe89c6b13eeec,18745.727138584814,10.0,42071.62465309204,100000,42293.094626350736,0.0,100,0,0.0005263220201728828,-0.526411744459265,19886.0,16504,6754,P05_WEAKLY_CORRELATED,500,0.2
5fef6c06438c8cc864d0105b6063b672eb5db5cadbfc1a96ad79fb7cc98cae12,20563.050548972093,10.0,44564.91701109561,100000,44805.49270567597,2.10723850499758e-06,100,0,0.0005274987210313959,-0.53983202643564,12164.0,15861,7572,P05_WEAKLY_CORRELATED,500,0.2
edeb8c58e47a80230d0cf5b499b6e50face0f5c2e3dcc0053c2c2fcf99628edf,23445.931206829016,10.0,46821.805824054725,100000,47054.13467024028,0.0,100,0,0.0005594048322727389,-0.4961979618184576,19175.0,18008,6770,P05_WEAKLY_CORRELATED,500,0.2
c7c0e94d96f0bdde8ef48a0121f779d3984ee25050cb34f2a7946ac24887831e,112.63131849856067,10.0,162.0154463253822,100000,162.14897902540935,0.0,100,0,0.0031181204889321,-0.0824197340782883,3560.0,836,0,P05_STRONGLY_CORRELATED,25,0.1
3501a51ba19bb796d0eddb2784abe8e35615dec255dc3c9a9f37de25cf73a648,232.2169282654879,10.0,307.5006143013916,100000,307.7051060565794,0.0,100,0,0.0028842216880096,-0.0665012509494936,7305.0,9894,1868,P05_STRONGLY_CORRELATED,25,0.1
2876c28049161f2ef2e90f245d24f7299ba9cbd6f602669cbbc6337883089744,300.9566867083967,10.0,425.1047314250526,100000,425.37519165913193,0.0,100,0,0.0022382034458188,-0.0636220239592934,5974.0,6407,825,P05_STRONGLY_CORRELATED,25,0.1
c170110f52cd761f0c4ef3288592ea826d084196bfed81c01188e8745bc0029e,520.5735598916084,10.0,633.3727804009554,100000,633.8525243298999,0.0,100,0,0.0025643768282013,-0.0757443236889272,6998.0,5946,1167,P05_STRONGLY_CORRELATED,25,0.1
00c76cc7bcd3b2e60af91fd0e5702e1d6b5a5bb39f2099dac97ca88208edcba1,464.7722271921675,10.0,619.1133837729758,100000,619.309971767689,0.0,100,0,0.0021709838103619,-0.0317531489167948,7078.0,853,48,P05_STRONGLY_CORRELATED,25,0.1
a0c7c6d0bb8f2ad1b0aaee4eece97815a9f1719f1157053fa01af16d33dd838d,661.4370441737321,10.0,809.2748260742296,100000,810.1358838848602,0.0,100,0,0.0023592213295715,-0.1063986896525015,6654.0,711,0,P05_STRONGLY_CORRELATED,25,0.1
ce7bbab330cfd656474ffcca4020986edc70c519e1283f75268ab566aa18df9d,822.4512923072126,10.0,975.0326664218876,100000,976.087823229428,8.426814345337807e-05,100,0,0.0022699143206019,-0.1082175853053727,8020.0,3798,649,P05_STRONGLY_CORRELATED,25,0.1
5e482ad1351cb39f6639dae6cfeee750b59b1862ddf9fbf49af17464ef2e221f,1016.0004901594976,10.0,1173.653246595842,100000,1175.1719639220526,0.0,100,0,0.002120361062577,-0.1294008541803505,7448.0,2063,335,P05_STRONGLY_CORRELATED,25,0.1
e2fdcecc5c51fbf369120ae26279c113fa7643a2c3d9febd64281c69629b74a5,928.6541312738166,10.0,1107.3755881149973,100000,1108.77905324492,0.0,100,0,0.0021998283678398,-0.1267379509703266,5561.0,1125,15,P05_STRONGLY_CORRELATED,25,0.1
a253d599c63e6acca9fa23fce73efd6548af5538b73d09a911f0f15d848bf877,1015.8717017981576,10.0,1202.2936702445231,100000,1203.9657497045298,0.0,100,0,0.0021308215068145,-0.1390741298393929,3813.0,643,0,P05_STRONGLY_CORRELATED,25,0.1
14ba3523ce03b78d86d849077605983ad65a58c992372ba360380b9cac5f8777,112.63131849856067,10.0,146.10241199569958,100000,146.3143476823189,0.0,100,0,0.006808935069569,-0.1450596767872327,5505.0,4562,763,P05_STRONGLY_CORRELATED,25,0.2
7c213683036a268813060bac431d5f375a02491cbc9f92d992bbf356b3340fb8,232.2169282654879,10.0,293.7405526132642,100000,294.23353964811884,0.0,100,0,0.005820595984543,-0.1678307712261002,5091.0,4772,1064,P05_STRONGLY_CORRELATED,25,0.2
a0c6418eca83fad8d5bb786b520d994fcf5b81ad60a76c12422c36a8551417c0,300.9566867083967,10.0,410.01955999364674,100000,410.43432162003216,0.0,100,0,0.0045106943705195,-0.1011565463832638,5159.0,1123,266,P05_STRONGLY_CORRELATED,25,0.2
e256d46eedace17a4a6120f6c334f525a4a57632da9249d51b4e47dd0d2af3d3,520.5735598916084,10.0,608.0391773242352,100000,609.1115813629458,0.0,100,0,0.0051505119163131,-0.176370878506525,4247.0,985,0,P05_STRONGLY_CORRELATED,25,0.2
e5eaaae356f2cff02010505c688c02209a7a573f3fe281276b47375b61354392,464.7722271921675,10.0,596.7781927853365,100000,598.2690836901128,0.0,100,0,0.0045044712259821,-0.2498232882501721,3188.0,406,0,P05_STRONGLY_CORRELATED,25,0.2
d449d8ac8f9efa9ef69b66099e51f66243dd3e7d23156aa564bb771ff4127e75,661.4370441737321,10.0,779.4355663072981,100000,780.9441583502473,0.0003008803028997769,100,0,0.0047275075730145,-0.1935492949207337,8291.0,3753,639,P05_STRONGLY_CORRELATED,25,0.2
e65e7424cfbc8233d1c64bfdae5bb02e83d39bb11490d96b82754469ea3e5dc2,822.4512923072126,10.0,939.3787271320429,100000,942.180432310193,0.0,100,0,0.0045607344462812,-0.2982508648778866,4400.0,900,0,P05_STRONGLY_CORRELATED,25,0.2
ec96a4243eb52dfaf799ff0df4c002cca9962ffe97a0f654cec9acd1cb057d7e,1016.0004901594976,10.0,1134.1516132659335,100000,1136.9416906146737,0.0,100,0,0.0042356876294878,-0.246005676499087,4598.0,1564,200,P05_STRONGLY_CORRELATED,25,0.2
a523c854448043ffe6fb7441e15156d3013fa31c4a6e28c7d55ace4defdba29d,928.6541312738166,10.0,1069.1840730494223,100000,1071.7808072968849,0.0,100,0,0.0043833147251512,-0.2428706443462454,3196.0,701,0,P05_STRONGLY_CORRELATED,25,0.2
140290ba428930ce2ee4ec1b18ab3e26eb8bf4c122278ea0ffa34a35a06eae48,1015.8717017981576,10.0,1161.4923846405168,100000,1164.2548631713091,0.00016117036794541204,100,0,0.004291884981561,-0.2378387122742385,3494.0,620,0,P05_STRONGLY_CORRELATED,25,0.2
9c1cb76e95de04b4d55b161d1a5403df8b746ee0353560cee81ff32616e63946,228.73978263130465,10.0,336.39791837214625,100000,336.61368333268115,0.0,100,0,0.0021966752190034,-0.0641398025228574,12944.0,26272,6983,P05_STRONGLY_CORRELATED,50,0.1
e48bffe7d569e07763efb6e8f43bccb0c1fcbc00245de7f5584eb6afdb910c98,460.92457108473536,10.0,661.0992060346173,100000,661.7543237493942,0.0,100,0,0.0017702221598215,-0.099095220323499,12955.0,19718,4258,P05_STRONGLY_CORRELATED,50,0.1
10ce720cd2aa6965fa3fdb5dbad5ab6e7f7983b7f93d427fdb69dfb26f706083,609.5818584021666,10.0,865.5721602989099,100000,866.2488074334155,0.0,100,0,0.0016323806317036,-0.0781733939169162,7658.0,4936,1189,P05_STRONGLY_CORRELATED,50,0.1
82dbbe49788baa2b40da5ed80f96f02c47a5c9ebc71321e1ddfc668ca3713c3b,977.9724121124416,10.0,1201.9840804351418,100000,1204.7266263310626,0.0,100,0,0.0018069005426482,-0.2281682378794841,22779.0,72743,35389,P05_STRONGLY_CORRELATED,50,0.1
be822e86690e92814edcdf6daecd84097dd5cae212fa5120bfc7539db437e1c1,1023.8548127178656,10.0,1325.7254835975482,100000,1328.1511004532024,0.0,100,0,0.0015854142779444,-0.1829652432321007,12399.0,2465,322,P05_STRONGLY_CORRELATED,50,0.1
866bd38778465455a272f7372fb4faccdf4a8ee14b6945c25d7cc5be0ab8b0d5,1346.5607762953744,10.0,1650.3850058996718,100000,1652.664038019083,0.0001010598505429517,100,0,0.0016247766754838,-0.1380909370397938,24789.0,42654,24848,P05_STRONGLY_CORRELATED,50,0.1
5e48ad3f2d4a56c2bec06bfebfaac447beb1046c17d29167e3f928f1f87e02d2,1766.9762911901714,10.0,2087.2292355664317,100000,2090.202927482672,0.0,100,0,0.0016607864265112,-0.1424707868962516,35034.0,123132,63965,P05_STRONGLY_CORRELATED,50,0.1
99ea50d42906811696a1393b7d7f8fa5d413c4274750a0817eaa7de7036a7cb6,2013.6144227007449,10.0,2357.7738806938987,100000,2361.1932835045563,0.0,100,0,0.0016161350736494,-0.1450267491151989,28350.0,198420,130234,P05_STRONGLY_CORRELATED,50,0.1
d90f97b60d451e8c218296af971b4198074ca188c6b6e3e27b0ea7daf71b5476,2142.711768175847,10.0,2516.622323113203,100000,2520.7448937960407,0.0,100,0,0.0015042694123835,-0.1638136419984486,16597.0,27563,6995,P05_STRONGLY_CORRELATED,50,0.1
b0216ec663cd168bb5e3ab82c9277c9bc67ef988d4d96e7de7ec12311f2e4f00,2239.2691530206375,10.0,2640.442898529516,100000,2645.030003470611,8.837007339323924e-05,100,0,0.0014858911342297,-0.1737248301657808,6833.0,793,0,P05_STRONGLY_CORRELATED,50,0.1
4b831b60c229b3b1fcf1be2c8554d95cd2277351cc9285e5e3b3467befbe3314,228.73978263130465,10.0,325.09088582972356,100000,325.42623814463633,0.0004900746020307251,100,0,0.0043600561350768,-0.1031564800892078,6216.0,16097,2048,P05_STRONGLY_CORRELATED,50,0.2
770c01915275b31305023b0d88a447ab24a328a110d33fb19ec126e5f38a0c49,460.92457108473536,10.0,642.6332790083695,100000,643.9755297612273,0.0,100,0,0.0035112419303427,-0.2088672959683942,7858.0,946,71,P05_STRONGLY_CORRELATED,50,0.2
7d6c4b8a6d61575dba872118b5670b340fa86ae203ce549aea19100d8aa68941,609.5818584021666,10.0,831.1470952676583,100000,833.907526474235,0.0,100,0,0.0033999835248812,-0.3321230648935613,13293.0,57489,12944,P05_STRONGLY_CORRELATED,50,0.2
1752dfe947cb245f90c4fb6e558e1d3d322a289db31d1b0a536ccab6063b36fc,977.9724121124416,10.0,1165.2466635406363,100000,1168.1096588106466,0.0,100,0,0.0036556597584981,-0.2456986455821287,13097.0,35815,11216,P05_STRONGLY_CORRELATED,50,0.2
07aaefe9763df8493a3575d944b4085e8ec93c2213ae270f76af3304615bc2e2,1023.8548127178656,10.0,1282.3692149984363,100000,1285.8989589837468,0.0,100,0,0.0032367720884063,-0.2752517718007418,12640.0,13126,4273,P05_STRONGLY_CORRELATED,50,0.2
e3f16aae2bc25f64c623c563a5ad1c6bce65db69c23ca480409e3d93eb9b3df3,1346.5607762953744,10.0,1606.5288146745654,100000,1611.0416990277135,0.0,100,0,0.0032498352306739,-0.2809090202382902,11616.0,16751,8979,P05_STRONGLY_CORRELATED,50,0.2
7993f9790eb044c7e6075dcc87aef7e9b13111a4b38b4523334afd2227136928,1766.9762911901714,10.0,2030.2177245554417,100000,2036.268227669121,0.0,100,0,0.0033319630142587,-0.2980223766396473,7053.0,516,11,P05_STRONGLY_CORRELATED,50,0.2
c937b900a490e90de3855ebc3c5027d0784e6575be2be63a90d3091d437619ba,2013.6144227007449,10.0,2294.9255218988733,100000,2301.3417509451197,8.767426224296667e-05,100,0,0.0032493440572467,-0.2795833235118427,9028.0,7871,1781,P05_STRONGLY_CORRELATED,50,0.2
18db234ee7cb4b42c22dde89f184ab29e0ec6700b21e4548fe612de6159e583b,2142.711768175847,10.0,2453.68426827281,100000,2461.733241166105,0.00017540429214003424,100,0,0.0030103397928677,-0.3280362105822272,8232.0,1056,0,P05_STRONGLY_CORRELATED,50,0.2
fe9c6fbdd70c9712d5b7ca53a7bf20f00646392b43f922ec36e3dd734b6bff01,2239.2691530206375,10.0,2563.4226425255943,100000,2572.573999575443,0.0,100,0,0.0030202859681933,-0.3569975897861452,16555.0,24546,8246,P05_STRONGLY_CORRELATED,50,0.2
2af8581cf014ba159d3441f2d102ea9f2da3dab6971491acbdbd796256627114,459.20206817367233,10.0,722.1300615882006,100000,723.0044753424646,0.0,100,0,0.0013702878012635,-0.1210881253635732,19417.0,31290,15312,P05_STRONGLY_CORRELATED,100,0.1
2748a2bdbb1a0a0d39523db915152a4a04e0405bb34a40bf80acac5c3033f4b9,895.3741116576653,10.0,1276.08363878425,100000,1277.6186540952626,0.0,100,0,0.0013286448098705,-0.120291120766582,9579.0,13253,3456,P05_STRONGLY_CORRELATED,100,0.1
4090fc5d53c68bf8479a9df6c55e4fa100ce6af1a513fc365c549a08486aea82,1287.5932757784065,10.0,1748.750569653581,100000,1751.6208548126328,0.0,100,0,0.001257108248874,-0.1641334795745362,9601.0,13935,3555,P05_STRONGLY_CORRELATED,100,0.1
8d28fcdf1bc5476db236dc8562e9100f86bf81704f746005ed888c4ad765cefa,2016.507949173328,10.0,2539.1555158804476,100000,2543.728311366512,0.0,100,0,0.0012705976368091,-0.1800911939999417,35500.0,218123,127701,P05_STRONGLY_CORRELATED,100,0.1
169802df096c22cdb8a8e14b1098611298ff4ceecd9c6c9de2f5ec625a915183,2310.0300032746777,10.0,2897.7976078306997,100000,2903.9305173637053,0.0,100,0,0.001179135475319,-0.2116403684105728,14982.0,22392,8698,P05_STRONGLY_CORRELATED,100,0.1
e30a4cb134eca96887060ed04397e1c1c4d4c12cd9fbaa33db8077c0761a0340,2553.2380459518736,10.0,3227.1186492188117,100000,3233.2768276669904,3.515095286644262e-05,100,0,0.0011350592846653,-0.1908259074908624,21841.0,27377,7008,P05_STRONGLY_CORRELATED,100,0.1
be8a17d3e13183ee1e2af3cc789f7fc77ec8f78b25d0ea66c3067d8405fc31ad,2984.456287815955,10.0,3708.53879899878,100000,3715.7311224869,3.653380781603935e-05,100,0,0.0011321852406461,-0.1939395508026346,14580.0,22589,6896,P05_STRONGLY_CORRELATED,100,0.1
9b3f00ec263b5d80a0eb462845673abd6ec99211280803895aeed836a1541585,3699.868077911483,10.0,4441.587470203754,100000,4451.2474692173955,0.0,100,0,0.0010820467458036,-0.2174897844170745,630474.0,36765450,8578766,P05_STRONGLY_CORRELATED,100,0.1
0b8b0840d78436f44366a33306debd924092a25ee57f2be4557e2b3c58c658f8,3940.310054081861,10.0,4748.718715849665,100000,4758.341902014999,3.668335219908123e-05,100,0,0.0010542289222638,-0.2026480560580303,14933.0,10600,3534,P05_STRONGLY_CORRELATED,100,0.1
a5345a2ba1825a89983c9d70ea75cc97236143641a66fe5c08eef47c807673bd,4727.724657135846,10.0,5557.9178962620745,100000,5570.634226217421,0.0,100,0,0.0010678773182165,-0.2287966499810834,24700.0,25273,7891,P05_STRONGLY_CORRELATED,100,0.1
0ba6cb628aeb6d0e6aa458b3b08f5fc4f242c3f75dd67b33bd608d9575dc3fb8,459.20206817367233,10.0,706.2290299548806,100000,707.6750156553242,0.0,100,0,0.0027242673429026,-0.2047474174965484,8827.0,14540,3871,P05_STRONGLY_CORRELATED,100,0.2
8891f24fc8d98d55cce45322ca50ebdb3325adfa1610096e10b272a2382f3e29,895.3741116576653,10.0,1241.2004835869236,100000,1246.089550839368,0.0,100,0,0.0026998588628137,-0.3938982716406611,14696.0,17863,6943,P05_STRONGLY_CORRELATED,100,0.2
89ba061622f4b39d983384b6b5ae5322bdc3992160d93c96b3c80de72a5d89f1,1287.5932757784065,10.0,1700.956136451897,100000,1706.2604897490046,0.0,100,0,0.0025621640726509,-0.3118453899800248,23136.0,123117,34836,P05_STRONGLY_CORRELATED,100,0.2
5553e848e2f0c95a7c75b479d4f82f4477d16d144a867dd85b9bc27c0d4da06b,2016.507949173328,10.0,2484.824434421596,100000,2492.7973965916754,7.576348383139602e-05,100,0,0.0025449398026019,-0.3208662173323859,12627.0,15791,6242,P05_STRONGLY_CORRELATED,100,0.2
c3c7a918b215868e46f3975012deccea0d94d50703f707870faf9105f4ec812a,2310.0300032746777,10.0,2829.4918570329137,100000,2839.270522374338,0.0,100,0,0.0023902098726161,-0.3455979319084635,28129.0,196200,119748,P05_STRONGLY_CORRELATED,100,0.2
c06513ff24916addc0d6cce9746cfee694ff2dd44774684beb02e571ea8f263f,2553.2380459518736,10.0,3162.7013538636543,100000,3175.729855284357,0.0,100,0,0.0022694784073292,-0.411942196337536,7138.0,629,0,P05_STRONGLY_CORRELATED,100,0.2
e07f85f766000e5db43e032fe662ad411d4f326ec1197d60adb17b339c549722,2984.456287815955,10.0,3624.442988620705,100000,3638.912575936645,0.0,100,0,0.0022852487168939,-0.3992223732410472,54148.0,836630,397120,P05_STRONGLY_CORRELATED,100,0.2
d11a33f229858ee6f4671e94d70080f7ae2f3c3add33d8834feed0552fbbd96e,3699.868077911483,10.0,4352.624579160672,100000,4373.911040915371,0.0,100,0,0.0021781552025176,-0.4890488799933218,12071.0,20604,8887,P05_STRONGLY_CORRELATED,100,0.2
3ecfb19570034b8f67d2ee50b277d7b934f4faab7e9d986f2153b816c2af141e,3940.310054081861,10.0,4648.8909367294245,100000,4667.843335229116,5.125059490066278e-05,100,0,0.0021337743616431,-0.4076756963678016,15521.0,18673,7228,P05_STRONGLY_CORRELATED,100,0.2
7082eb970d56afb8cc411b1e6710a07002102c5cfb24687e0b999b9bf336a66d,4727.724657135846,10.0,5440.962041713605,100000,5465.6391759414055,0.0,100,0,0.002157691823363,-0.4535435836275153,36328.0,368783,209662,P05_STRONGLY_CORRELATED,100,0.2
dd8fe5244333d53d2e7b9de5fd89571fc46f240b9d4961bbaa4b8947152672bf,906.8891240025048,10.0,1458.868801903723,100000,1461.9475398027266,0.0,100,0,0.0009680822551816086,-0.2110359680724143,19516.0,24800,11535,P05_STRONGLY_CORRELATED,200,0.1
cdaf07ebf812608e50548f60bfb9d7b18f8690e7fb8d49882d196866ce02a398,1866.6494917722684,10.0,2638.583948887977,100000,2646.926109191726,0.0,100,0,0.0009511126120504256,-0.3161605037150656,659078.0,11053938,3180807,P05_STRONGLY_CORRELATED,200,0.1
73a7f0eebe512f007d1b8ca35f1d0b1697b3620cdc6b7cf0898700c4768a0a19,2662.6370249407432,10.0,3633.2503132769766,100000,3640.752880527554,5.523227618788096e-05,100,0,0.000872848028569301,-0.2064973949953697,22653.0,21162,8442,P05_STRONGLY_CORRELATED,200,0.1
a771e959e9b2c7760d833a5dbaaa8bd5991bbbee233c877410c3ae4ed2c5043e,3555.3376319934305,10.0,4668.300873805215,100000,4684.229281082146,0.0,100,0,0.0008463101658322985,-0.3412035279540142,31514.0,20413,7193,P05_STRONGLY_CORRELATED,200,0.1
91f94417808eeeac06f2c5d37a9e9dfcf483d647b2413a6702cfed34adbf844b,4552.923469724513,10.0,5790.355540279537,100000,5804.519320572446,3.5889703646264425e-05,100,0,0.0008277669963199211,-0.2446098550318936,23524.0,18189,7166,P05_STRONGLY_CORRELATED,200,0.1
d73bcdabeb7bfd389c478c47475d3ea06f5bff38782b683530fd8ec0c811efcc,5562.502477494993,10.0,6911.53337464407,100000,6929.5120871362715,2.7346971657922015e-05,100,0,0.0008219591245847219,-0.2601262486579138,19460.0,26300,6457,P05_STRONGLY_CORRELATED,200,0.1
ca0ee076e890f4ea3616e3779ce06ccee6aef1f631c87e39d59f236e0a605b5f,6654.450569950063,10.0,8094.912383463553,100000,8118.575788372485,0.0,100,0,0.0007983124557217396,-0.2923244105430048,12001.0,11455,2665,P05_STRONGLY_CORRELATED,200,0.1
049726b4a37adda0de646ea7a68938a4ac295d73591cf5fe0a847c7df561284b,7497.493185672411,10.0,9037.406522792891,100000,9061.619724625303,1.3362825793816991e-05,100,0,0.0007832584833521667,-0.2679220169120941,42926.0,63610,45423,P05_STRONGLY_CORRELATED,200,0.1
add2d94e682261f0843843f3f3dabb5648224589a27e18bf28b2c0bdb0542a91,7767.71833612062,10.0,9422.827076694612,100000,9449.402310650554,1.8955646789947315e-05,100,0,0.0007671435893484919,-0.2820303688016353,26045.0,15538,7047,P05_STRONGLY_CORRELATED,200,0.1
eb1f91ba32841153a0a89a108ff31f2acabe1155513d9b6c445a2e21c5b44e2d,9128.816655982044,10.0,10853.822901606049,100000,10885.158328782452,2.039770464066123e-05,100,0,0.0007523410349637154,-0.2887040581044217,59550.0,123429,60965,P05_STRONGLY_CORRELATED,200,0.1
dda1cb417d994ddbd4f9a95dcef1bb230648a07be6b58b3c1c03349e523562f1,906.8891240025048,10.0,1427.5204348062414,100000,1431.1391515920195,0.00011356957869630348,100,0,0.0019548894915809,-0.2534966713992647,23001.0,20103,6924,P05_STRONGLY_CORRELATED,200,0.2
0cf46ac0ff0b427988e3c8b3d1d20869648ec1aad5f99429840f330a163d4a27,1866.6494917722684,10.0,2597.350857643096,100000,2605.7885949365004,6.848853194335876e-05,100,0,0.0018996465282596,-0.3248593569319,19347.0,74608,9637,P05_STRONGLY_CORRELATED,200,0.2
ba740d455b93557ed5f03725422b7d9d4cbc63aa95dcb67a027fcddf0dbe266f,2662.6370249407432,10.0,3564.949502603605,100000,3579.6694192154728,5.7356232310658745e-06,100,0,0.0017651672693831,-0.4129067354563399,17264.0,10513,3559,P05_STRONGLY_CORRELATED,200,0.2
42c3774a056d77f64fbaf109804a4ed917fc3687e078dd4285166e97547c1471,3555.3376319934305,10.0,4594.957707484502,100000,4617.5334879092925,0.0,100,0,0.0016982449082593,-0.4913163920533578,12141.0,17405,4363,P05_STRONGLY_CORRELATED,200,0.2
edb18d3235f0acbc74a8d4bc6ffdb56ac6f179228a5ed825190d66a9b8fa0e79,4552.923469724513,10.0,5689.540876602957,100000,5717.570697744166,0.0,100,0,0.0016691817452777,-0.4926552379028666,26286.0,20990,13315,P05_STRONGLY_CORRELATED,200,0.2
140b4a87c8519d403963854f5c4619f86727e73607870fad4a7fbce1a9021784,5562.502477494993,10.0,6795.727962296838,100000,6828.439941429164,3.7625508721210685e-05,100,0,0.0016538237777853,-0.4813609272444985,16893.0,11649,5227,P05_STRONGLY_CORRELATED,200,0.2
bca2d406f4e04473cd9334e23855313b9686bf6f70d1464b92804b0beab6392e,6654.450569950063,10.0,7961.583968106096,100000,8004.86371359245,0.0,100,0,0.0016086882112579,-0.5436072226297116,17447.0,14398,6805,P05_STRONGLY_CORRELATED,200,0.2
beadc37f0f8e0e269fbeb0296d92ed618581899f1b0a5c45d0a68bb8a4dc395a,7497.493185672411,10.0,8880.976911271344,100000,8943.165843327082,0.0,100,0,0.001581913732709,-0.7002487752987057,17350.0,11884,7549,P05_STRONGLY_CORRELATED,200,0.2
37ae1f3f7cd6e52e0f4ad584041b3e5ca51208809085b385c761f5c422746937,7767.71833612062,10.0,9270.898748233258,100000,9323.468082968267,0.0,100,0,0.0015446759794332,-0.5670360141192118,1202169.0,26810046,16715084,P05_STRONGLY_CORRELATED,200,0.2
9c135d82ca266ec3e01bb9333e48b1cacd20f47b955135f9ceb36c272d172058,9128.816655982044,10.0,10666.053530693607,100000,10746.75748536636,0.0,100,0,0.0015187441525081,-0.7566430680336536,25205.0,17952,9538,P05_STRONGLY_CORRELATED,200,0.2
45ebfb7137dbe202d60494ca4b6ab4927e8cf7d3d2db0d117cd98507132d08d2,2302.219870543575,10.0,3684.3142512269783,100000,3697.487212591232,0.0,100,0,0.0006280332034913013,-0.3575417422622496,43238.0,90408,78486,P05_STRONGLY_CORRELATED,500,0.1
edafda8730be52b1e0f36ff04c7c5e190af2fecbc3b9aaa39ae03ef2cb1e2622,4449.917552537145,10.0,6493.256971252493,100000,6509.299212493744,2.1738449601421232e-05,100,0,0.0005703386740053382,-0.2470600087486825,24949.0,9513,3581,P05_STRONGLY_CORRELATED,500,0.1
118b77b1a7d7df48355543ec8af0ce17a3044dab1ccd89b958cb8555a06c0849,6942.10219092599,10.0,9397.425121253023,100000,9424.512514332277,-2.0357523314738116e-06,100,0,0.0005693622388047089,-0.2882427125488986,28012.0,16950,6882,P05_STRONGLY_CORRELATED,500,0.1
74919086052516812d44288af444043e7f97c2cdfa6df4555e9a5199e2834504,9107.33442898436,10.0,11994.441907843711,100000,12031.01877708172,2.123988714143866e-05,100,0,0.0005409980260148957,-0.3049484879666679,18736.0,8161,4029,P05_STRONGLY_CORRELATED,500,0.1
b6d50e3f5657a06d79ca191b47a71e27d17a39ccab32ea0b767437a468a64d54,11472.83842655871,10.0,14606.16293555965,100000,14657.661312617834,1.621669456438605e-05,100,0,0.0005239239743008014,-0.3525797794081002,30965.0,9962,5591,P05_STRONGLY_CORRELATED,500,0.1
3d8afa9fd3e94505b988fd3078d700ef201a6526a03619c50ec6c224898ff95c,13175.79831058804,10.0,16655.870385359358,100000,16718.63710270977,0.0,100,0,0.0005034355388981613,-0.3768444152014103,16544.0,15719,6305,P05_STRONGLY_CORRELATED,500,0.1
2d155444b2e8270c82b6d194039965b5b70d2f9e66ede526b1e52d726fe1e729,15733.584105032358,10.0,19449.40555066931,100000,19541.678301221425,1.2814103221322833e-05,100,0,0.0005004120735740212,-0.4744245283575533,19817.0,13200,5927,P05_STRONGLY_CORRELATED,500,0.1
3f020fd512156868ed07db398fea87556dbfd4e2643a5826e6d2ccf3f6e17ac8,18599.932616815942,10.0,22568.085675957096,100000,22657.914853385428,1.2734973815835887e-05,100,0,0.0004926017694490192,-0.3980363187119193,25703.0,9824,5787,P05_STRONGLY_CORRELATED,500,0.1
c2d5491f016e2b7f6b3932dd7edd0d4a4abf1f4af4bae24682968e39dffe6903,21055.96520345058,10.0,25241.290273910297,100000,25346.444029641814,1.4110783954631343e-05,100,0,0.0004826443060935561,-0.4165942176109953,44229.0,85879,72333,P05_STRONGLY_CORRELATED,500,0.1
1ebc74ed9d2b41a5c2aa22fb8891f2b8bc79ec7048dcf1d96dd858b464a5df10,22494.742941357956,10.0,26919.0206474576,100000,27036.417184413433,9.714799505250148e-06,100,0,0.0004728223565959899,-0.4361099851785265,23650.0,13802,8095,P05_STRONGLY_CORRELATED,500,0.1
00171e564f603793733635b814eb484be3504dc5dc4eac0e860c0980ae19d4ce,2302.219870543575,10.0,3636.096389815277,100000,3655.2634989443377,0.0,100,0,0.0012607788904774,-0.527134241620989,25114.0,21897,6925,P05_STRONGLY_CORRELATED,500,0.2
6a5ed57422e765050f1f53eeec119b9c56d90c4eb3751d1eb285e82d3d050b07,4449.917552537145,10.0,6409.611012990997,100000,6439.6504687638335,2.932010179953667e-05,100,0,0.0011457496954755,-0.4686626959413432,25298.0,9790,3533,P05_STRONGLY_CORRELATED,500,0.2
cfbccc504f25adac924bfc22cd11932ff63ce4b47449cd559f38da26b8956c97,6942.10219092599,10.0,9274.459757825633,100000,9328.280829427156,2.610625819060228e-05,100,0,0.0011450558386828,-0.5803148971142003,55048.0,1167281,1082166,P05_STRONGLY_CORRELATED,500,0.2
59f6cdce2a881ddc220277de7c9db46ecd59dc3006b1251da75c79c46a5800c4,9107.33442898436,10.0,11829.43736662134,100000,11915.22569963099,3.741827314240344e-05,100,0,0.0010899208305353,-0.7252105941379405,26254.0,9484,5135,P05_STRONGLY_CORRELATED,500,0.2
d22db49b22ba63c93078779fda1c0b5330c9ae2dcaefa6d9ba42a4e5d3b15484,11472.83842655871,10.0,14418.361974498786,100000,14523.92350674212,0.0,100,0,0.0010545183193555,-0.7321326266467559,19904.0,5138,4175,P05_STRONGLY_CORRELATED,500,0.2
e322f70ce67c5116626762a97455a6f2f60079c35a57d9766556483e8db1e1fd,13175.79831058804,10.0,16415.8423414067,100000,16567.251185568748,0.0,100,0,0.0010174565216675,-0.9223336884768926,27200.0,6413,3833,P05_STRONGLY_CORRELATED,500,0.2
97da6710c871fa40d5523abd49ab2614cdca8423a1f1eb64670df2b5ec227c90,15733.584105032358,10.0,19215.62512808744,100000,19367.16751376103,1.693712869859684e-05,100,0,0.0010066594045383,-0.7886414553960123,27776.0,9716,5920,P05_STRONGLY_CORRELATED,500,0.2
8f5a267d687a3f6b403378a5a7ffec190e345e3a325697fb48a3ab3257372273,18599.932616815942,10.0,22267.611521212475,100000,22467.552293950575,0.0,100,0,0.0009922160682367392,-0.8978995010202762,20663.0,9567,7208,P05_STRONGLY_CORRELATED,500,0.2
ed6adcc403da044a9da42c4773fe1f92c682557fbdfa7c2fbf4d9b4380586044,21055.96520345058,10.0,24925.231664148752,100000,25139.996138763185,1.5062351466563089e-05,100,0,0.0009711908882776624,-0.8616348185174112,17123.0,23366,3148,P05_STRONGLY_CORRELATED,500,0.2
3a81e1dd2e37a376547002019eebc09191920b0b8e396b46f3ac724a345372a7,22494.742941357956,10.0,26545.46202043852,100000,26816.521620754575,0.0,100,0,0.00095380494983264,-1.0211146451599014,20516.0,7442,4831,P05_STRONGLY_CORRELATED,500,0.2
fb774965dd79849ff9b7fd76901b05a2d810b9feb1ae8d9dbc4309d2ed47b3d2,135.3585912258334,10.0,99.6411775068753,100000,99.68912672119656,0.0,100,0,0.0096027369660165,-0.0481218864740629,8923.0,2130,334,P05_INVERSE_STRONGLY_CORRELATED,25,0.1
e57b182390f9bb3749648f6728626c12b331059d9f124a7ebc4ee57c07efe574,277.6714737200333,10.0,221.10724399744944,100000,221.45074300798296,0.0,100,0,0.0072229332776713,-0.1553540283544408,8874.0,5723,3066,P05_INVERSE_STRONGLY_CORRELATED,25,0.1
4c2a55c6820347e9e2132ee7f0b5fa90c0dbc4a1e825fa79698d1a9e1b9e34d7,369.1385048902149,10.0,298.2549562910713,100000,298.46692206149135,0.0,100,0,0.0062844840385526,-0.0710686498075028,13143.0,18888,5393,P05_INVERSE_STRONGLY_CORRELATED,25,0.1
f8d8778777a90900b5eba3804602c6079988ffc6274d8e58f8c8e8270cbe5a65,611.4826508006993,10.0,509.3350059328888,100000,509.7831072267553,0.0,100,0,0.0049988044735162,-0.0879777138124967,13871.0,35084,8781,P05_INVERSE_STRONGLY_CORRELATED,25,0.1
6ebc992959758948b7258cd4fc8ba48c14637962502ccc42f9549822d57ae857,578.4085908285311,10.0,478.4625568636156,100000,478.9157539567841,0.0,100,0,0.0050440145901903,-0.0947194480879085,6153.0,647,0,P05_INVERSE_STRONGLY_CORRELATED,25,0.1
a723eae0ccb6d2f0cf1db7089f2edad027d65e2848fcdbff5dbec78e9fb58164,797.8006805373685,10.0,669.4609823067576,100000,670.146189833958,0.0,100,0,0.0043516144462878,-0.1023521228734501,9682.0,1840,407,P05_INVERSE_STRONGLY_CORRELATED,25,0.1
00ccd998d5164148d86d19d5d0820c051dc3bbcce9d3d4ebd9ed2e214f4754a1,981.5422013981216,10.0,819.9256491262504,100000,820.911371257047,0.0002027671965822636,100,0,0.0037729025591175,-0.1202209165973808,7158.0,694,0,P05_INVERSE_STRONGLY_CORRELATED,25,0.1
48af6a023b378caf72aca995021d4643cd2ed517e61a6bcab7c5a984066a6da4,1197.8186719776793,10.0,992.879796067582,100000,994.1738167594164,0.0,100,0,0.0033007209595485,-0.1303300456872737,16621.0,48292,13806,P05_INVERSE_STRONGLY_CORRELATED,25,0.1
62e9d93c72d9ebc81a9cda450ae9153c64a1ab5857d586c2695d3b38f73fdfdb,1133.199585819271,10.0,930.2871005580988,100000,931.6664739880916,0.0,100,0,0.0033863716578471,-0.1482739499628873,10179.0,1754,207,P05_INVERSE_STRONGLY_CORRELATED,25,0.1
18a5578b9c4b2206fff60322dda73c40f3b6322394bcc14bfc1305bf88b9666d,1243.1444290708848,10.0,1007.734602118908,100000,1008.8650714414872,0.00021466676397314028,100,0,0.0031674823559205,-0.1121792702366714,4335.0,703,0,P05_INVERSE_STRONGLY_CORRELATED,25,0.1
6d61b8294e6c1177974ba39dd7500d4ced2b3db235251a118555dd9d8de9828a,135.3585912258334,10.0,88.03790934738848,100000,88.04060669646294,0.0,100,0,0.0254524146879033,-0.0030638495330723,4391.0,135,0,P05_INVERSE_STRONGLY_CORRELATED,25,0.2
bd6c286ca3f98729414f6557200d4a6a953087fe13e959edc5e1783bec139dc3,277.6714737200333,10.0,198.06323334742905,100000,198.7555154945211,0.0,100,0,0.0150872662554992,-0.349525823340326,11435.0,20392,5043,P05_INVERSE_STRONGLY_CORRELATED,25,0.2
988d15c3bc56c0e963aa0b8906089b818931d5af2864e65e5717a9848cbb5c72,369.1385048902149,10.0,273.4041493931441,100000,274.2635874127788,0.0,100,0,0.0144570943874054,-0.3143471017328481,9672.0,3176,896,P05_INVERSE_STRONGLY_CORRELATED,25,0.2
c6d3aef3c60553db6f6742dfe025939b38166b228edaeffce58d3922ebfd1c86,611.4826508006993,10.0,471.2149605486929,100000,472.0319918733393,0.0,100,0,0.0102886849171208,-0.1733882395616269,16286.0,51902,13826,P05_INVERSE_STRONGLY_CORRELATED,25,0.2
cc171ac01280041cf62835ed67f8a57981202d420238a2ac2c33d7de1ca571d8,578.4085908285311,10.0,442.16837580398897,100000,442.8635903814733,0.0,100,0,0.0104181203098673,-0.1572284712176007,10556.0,6909,2144,P05_INVERSE_STRONGLY_CORRELATED,25,0.2
00de3e52f5a2f871da8e5d8b453c97e829bac632187b821affef3862e5066cf8,797.8006805373685,10.0,625.1480655197439,100000,626.2365072217447,0.0,100,0,0.0088700605944612,-0.1741094249561225,6705.0,9632,3005,P05_INVERSE_STRONGLY_CORRELATED,25,0.2
640ec33f208df66139c8e16f41c901452d04bf2548d4f0e766a3b8694359effa,981.5422013981216,10.0,774.6925942091012,100000,775.964285079553,0.0,100,0,0.0078325876145836,-0.1641542567926591,10345.0,24464,5484,P05_INVERSE_STRONGLY_CORRELATED,25,0.2
fa00d13bb8852fdb7eda06af5f8583baf61e162364f5e96e2ee8d367eec5acdd,1197.8186719776793,10.0,948.5751353671536,100000,950.9102184853036,0.0,100,0,0.0068817978369377,-0.2461674390449114,7158.0,2193,291,P05_INVERSE_STRONGLY_CORRELATED,25,0.2
d25bc8531c2d8f0c73692fbefd0f198902363f170e0b10bba62af91ebf763021,1133.199585819271,10.0,888.7980414524358,100000,890.9692261712771,0.0,100,0,0.007031220948779,-0.2442832474397995,5970.0,1413,67,P05_INVERSE_STRONGLY_CORRELATED,25,0.2
5619bf714bcf63d03d612c8bff1073e7c5e2155ccc7a15552155d08c02594762,1243.1444290708848,10.0,966.1254666127934,100000,969.4146033558266,0.0,100,0,0.0065510474908641,-0.340446128033948,3678.0,788,0,P05_INVERSE_STRONGLY_CORRELATED,25,0.2
6ed33b771270948d663c5c920c36602384d7b2c7602e15212768064ca5cf22e3,274.1943280858501,10.0,217.9893375888701,100000,218.19464815438675,0.0006728961379748311,100,0,0.0072716886804371,-0.0941837650352819,11298.0,45558,11519,P05_INVERSE_STRONGLY_CORRELATED,50,0.1
4a12bf7aa908e72a7caf3d60f51b6225c45781a14a97b0684640123be5cc6120,551.8336619938262,10.0,460.42723398949954,100000,460.7515491353181,0.00034194474973120887,100,0,0.0054447708141532,-0.0704378720190899,9309.0,15137,8070,P05_INVERSE_STRONGLY_CORRELATED,50,0.1
232771fd92e81dbd7302d437b6b5a17a0d05c6cb14b5dd6389ddf62c658de016,745.945494765803,10.0,627.972184793176,100000,628.4485926610594,0.0002537521505524834,100,0,0.0046183709501124,-0.0758644856284975,9022.0,7612,3730,P05_INVERSE_STRONGLY_CORRELATED,50,0.1
46c3d3157ac224244006cb5d36fb0ff8ec3468d5fd5de55ee3efed3156ccb42a,1159.7905939306236,10.0,981.7710445019148,100000,982.7142445059752,0.00016830770114015388,100,0,0.0035466497571559,-0.0960712794844025,12078.0,30104,11849,P05_INVERSE_STRONGLY_CORRELATED,50,0.1
9733175477015e56d1d61d6cd43a110a5f68c8939b796c69e1df875701e2304b,1251.1275399905928,10.0,1060.5736342996809,100000,1061.8897652401715,0.0,100,0,0.0034135060384702,-0.1240961398554599,7073.0,11856,1234,P05_INVERSE_STRONGLY_CORRELATED,50,0.1
7006693db94b268958edd2909e70a58cf7c3c699c75d846d6be65e6e1c6fec34,1619.288049022647,10.0,1368.4145445498514,100000,1369.757640432579,0.0,100,0,0.0028997513451427,-0.0981497812981176,12875.0,21108,5134,P05_INVERSE_STRONGLY_CORRELATED,50,0.1
16adef044ffab34008b313c78d688c4f377f30cef00ad3d410d4dabde8150ca8,2085.1581093719897,10.0,1785.274301612921,100000,1788.7732842562427,0.0,100,0,0.0026141782641044,-0.1959913185419667,15839.0,20881,6966,P05_INVERSE_STRONGLY_CORRELATED,50,0.1
c88e8cc7a7a07c527ffc65883a5a52d3139994383f1c05016a096b03766470d7,2377.250786337109,10.0,2040.8814479746677,100000,2045.177093329737,0.0,100,0,0.0024580068939398,-0.2104799060882506,4947.0,826,0,P05_INVERSE_STRONGLY_CORRELATED,50,0.1
e208c2057ec2a8a1831d29142c451ff0922c2450be87bcf1115fb04b827de911,2551.802677266756,10.0,2157.4588091973255,100000,2161.5435811650527,0.0,100,0,0.0022607911117628,-0.1893325587637483,6059.0,1021,0,P05_INVERSE_STRONGLY_CORRELATED,50,0.1
7ac18f68715313803cc286de2cca4cf9c1edb9141fe3f9630eb4d57c927c13bb,2693.814607566092,10.0,2239.833424474608,100000,2244.386524756237,0.0,100,0,0.0021589112423344,-0.2032785220488984,4412.0,818,0,P05_INVERSE_STRONGLY_CORRELATED,50,0.1
8bf56ce5c9cca3ceb0fe1224717120d0ca641dc94e6d7edb88c91d8486560368,274.1943280858501,10.0,195.388387639172,100000,196.01011514005657,0.0,100,0,0.0149806897240473,-0.3182008451969613,16439.0,31446,12383,P05_INVERSE_STRONGLY_CORRELATED,50,0.2
94beff2b8a24216aa851a88fc4b3ff76510fdb2e73ea77bacd56d594c1c11260,551.8336619938262,10.0,423.4793065148974,100000,424.3528942598617,0.0,100,0,0.0111582740798378,-0.2062881778459651,16341.0,50250,22167,P05_INVERSE_STRONGLY_CORRELATED,50,0.2
5d95e4efb5730ae0bff581896dd8635b1d65e6ae2defb77caf0e67f61cd37e26,745.945494765803,10.0,584.4799510638521,100000,585.5820446628821,0.0,100,0,0.0094168094816274,-0.1885596925992101,15735.0,23365,10317,P05_INVERSE_STRONGLY_CORRELATED,50,0.2
bd1493e2223b3d3659eff7fa2d8c78e6aca364ad3af6e81082079d0976163ca5,1159.7905939306236,10.0,933.300186493618,100000,935.4995611294332,0.000299256921181173,100,0,0.0074548700336712,-0.2356556515946009,10225.0,6540,3934,P05_INVERSE_STRONGLY_CORRELATED,50,0.2
1525f1ac871bbb1cf7bcced5ae562e4f32685d893a51dd05fbc44c2a526684c2,1251.1275399905928,10.0,1004.213734742474,100000,1006.539600265102,0.0,100,0,0.0069639227796082,-0.2316106066030278,17214.0,39242,11326,P05_INVERSE_STRONGLY_CORRELATED,50,0.2
b937018b5ff3edbab56d4068912ea088956dcc627826dbc15fafb5ab8a5cf3fe,1619.288049022647,10.0,1307.6286100297102,100000,1311.9949841477414,0.0,100,0,0.0059435440973865,-0.3339154622757918,16067.0,66950,22409,P05_INVERSE_STRONGLY_CORRELATED,50,0.2
4d0682020755a3ff478be3cd493fcaf8a7e0045fe79d03803f3e8f3eb35c5cc8,2085.1581093719897,10.0,1716.5800040849313,100000,1723.2967764538885,0.0,100,0,0.0054015477988611,-0.3912880467542066,12625.0,25338,8650,P05_INVERSE_STRONGLY_CORRELATED,50,0.2
afdee054e80dd5f4b46cc758d07c3fd9b519259777a7b1f7bf277eada46b2c31,2377.250786337109,10.0,1966.8302164798224,100000,1974.218911002701,0.00011719042646141086,100,0,0.0050578405207714,-0.3756650910164885,4329.0,812,0,P05_INVERSE_STRONGLY_CORRELATED,50,0.2
1d6616fde842d5081f336766aab9b6ba7e2686e1cde3c6b0445454f68f879f53,2551.802677266756,10.0,2084.9478868388187,100000,2093.2956216448047,0.0,100,0,0.0046419288175355,-0.4003809811593293,7278.0,935,0,P05_INVERSE_STRONGLY_CORRELATED,50,0.2
9883e191fc8d4d28c77aab7bd5073f20fd6ad6d1e400d3cbd966747da6b242f2,2693.814607566092,10.0,2173.0421098979286,100000,2179.29569475184,0.0,100,0,0.0044129015210164,-0.2877801965008941,11877.0,3252,983,P05_INVERSE_STRONGLY_CORRELATED,50,0.2
af92813e8206f0d48c853002f57d6e6a8f8d2547dec1d54735db0c3d8dc3915f,550.1111590827633,10.0,458.8426627856667,100000,459.3220903161675,0.00034151619857231445,100,0,0.0054279172398702,-0.1044862584464489,19566.0,29487,8700,P05_INVERSE_STRONGLY_CORRELATED,100,0.1
81b55964998553dc482235ef6ad8e580c752d0a338a6a572ec22ae2f633ab501,1077.192293475847,10.0,918.46358567539,100000,919.5611618873454,0.00018295275014937044,100,0,0.0038287386880868,-0.1195013312529158,12330.0,30760,10480,P05_INVERSE_STRONGLY_CORRELATED,100,0.1
620198567cb05ebb4009fde174e707590c7741c389c0908370ac7dad87fa02f9,1560.3205485056792,10.0,1335.6427914117005,100000,1336.5218857689072,0.0,100,0,0.0031002758292524,-0.0658180737289432,25964.0,27617,9129,P05_INVERSE_STRONGLY_CORRELATED,100,0.1
68fff52a1398ea5cee75cf64152399f4b9d9c302020256747bee577402007923,2380.1443128096917,10.0,2060.9190848980493,100000,2065.2394430781505,0.0,100,0,0.002518235469888,-0.2096325960470683,612599.0,4309139,1877717,P05_INVERSE_STRONGLY_CORRELATED,100,0.1
98652f22c54321abb6e3e61eff2798a23b60cdda2dc67afa7ad7b15dabbf792e,2764.575457820132,10.0,2381.446090402458,100000,2386.1088717154603,0.0,100,0,0.0022700459638429,-0.1957962152405534,7583.0,3000,559,P05_INVERSE_STRONGLY_CORRELATED,100,0.1
f5c2dfebed5355c24aefbcaf7e73764ac7a03f565c1b709d579dd1b9fc36bc0c,3098.6925914064186,10.0,2665.6748209842135,100000,2668.916153704699,0.0,100,0,0.0021194132671146,-0.1215952033972632,16394.0,14221,6958,P05_INVERSE_STRONGLY_CORRELATED,100,0.1
75fff579f920917bb6ab67162252cc824e6a2e897a560f955c6b871b1a54f2fc,3620.819924179591,10.0,3114.0423370615817,100000,3121.282363761972,5.387054482146232e-05,100,0,0.0019528982173022,-0.2324960908277872,6653.0,1154,0,P05_INVERSE_STRONGLY_CORRELATED,100,0.1
bd211df876b3a7f5687b88480da275fbd652b0c8b584eaabbe064ba6b4839f97,4427.14080518421,10.0,3777.599225728804,100000,3783.7340624038943,0.0,100,0,0.0017115991711203,-0.1624004111740248,14914.0,15213,7470,P05_INVERSE_STRONGLY_CORRELATED,100,0.1
0df38ec48f952f1c7809e0bbde136ec15f0b7df53e3beb0fbcb5d7393f32d544,4758.491872263679,10.0,4019.358931338842,100000,4031.3271609977455,0.0,100,0,0.0016296914189507,-0.2977646401665579,29793.0,135014,56739,P05_INVERSE_STRONGLY_CORRELATED,100,0.1
874c693c35aacdebd810cf278aa1c46bba5156672de3e771b5325f7e0bfbbc1f,5636.815566226755,10.0,4775.02925224623,100000,4787.596389120525,2.9215572391109615e-05,100,0,0.0015123230507653,-0.2631845002495717,4232.0,728,0,P05_INVERSE_STRONGLY_CORRELATED,100,0.1
9356afea9f32b3918ed1fd6eb4faede3b74265344dc00054c1270ed71b59479e,550.1111590827633,10.0,422.04738861818817,100000,422.87949599176955,0.00039448570242892376,100,0,0.0111228779526235,-0.1971597019722727,21372.0,90732,36517,P05_INVERSE_STRONGLY_CORRELATED,100,0.2
6a1f0320a567ca105b434fd68962906297e8852fdf82880502821540cb3c3d77,1077.192293475847,10.0,864.3233470038708,100000,866.7173335424884,0.0,100,0,0.0078034743873484,-0.2769781178439995,58391.0,1694063,696277,P05_INVERSE_STRONGLY_CORRELATED,100,0.2
3d6faff3d0bd0f39b0a3bf92f95e89320c8b94764a2d315a613de746c0538e1a,1560.3205485056792,10.0,1274.3928846279612,100000,1277.6585544965103,0.0,100,0,0.0063559197218376,-0.256252989791488,19281.0,76916,32992,P05_INVERSE_STRONGLY_CORRELATED,100,0.2
0ed05f7c8247362a7fa01ae2c189b6383507c5fa8cf243140b1cb69e102f13a9,2380.1443128096917,10.0,1983.697002091675,100000,1991.06946782561,0.0001162431831398805,100,0,0.0052006506102824,-0.3716528142232179,14689.0,15610,6805,P05_INVERSE_STRONGLY_CORRELATED,100,0.2
17e6071f692d2c51c45b6db56c214c7db6efba82b8df444e8c743f8f99a7cadb,2764.575457820132,10.0,2299.645767551674,100000,2307.8936196375935,0.0,100,0,0.0046459549711517,-0.3586575029205729,6864.0,13416,3914,P05_INVERSE_STRONGLY_CORRELATED,100,0.2
a8e632c34a7af4385946903a1d9f8e17659a51cd1f3f99a92e1a6e79d746a43b,3098.6925914064186,10.0,2580.879595087867,100000,2588.7343545158024,0.0,100,0,0.0043352245652299,-0.3043442802556568,13632.0,12544,5279,P05_INVERSE_STRONGLY_CORRELATED,100,0.2
dd4512e674c1fad2aa15dda84405b8a2c2a85e644e2910ea0292ed7ec9fe995c,3620.819924179591,10.0,3020.1966462019113,100000,3033.786027065008,8.406450091022569e-05,100,0,0.0039836709378335,-0.4499502004343402,10285.0,16861,4835,P05_INVERSE_STRONGLY_CORRELATED,100,0.2
3678dd60f752e77f5fbff800e1b33456897621d6e0849fef9f3e27caa0a5e16f,4427.14080518421,10.0,3676.51793672927,100000,3696.27534763023,0.0,100,0,0.0035007475682371,-0.5373946555130068,7204.0,1605,143,P05_INVERSE_STRONGLY_CORRELATED,100,0.2
7f0aa3ae2a9b58dc348e087245ad6b49b2c751b0051d1882a199d619b7a3cf77,4758.491872263679,10.0,3921.071388374774,100000,3944.8846514132943,0.0,100,0,0.0033296154875636,-0.6073152126003752,7144.0,8049,2065,P05_INVERSE_STRONGLY_CORRELATED,100,0.2
b181ad0a52efea463e54fd9973220727ae449eba6c99ab7c7c047f22d18e0be0,5636.815566226755,10.0,4672.80315755409,100000,4692.998130364522,0.0,100,0,0.0030757918871854,-0.4321811154785006,8529.0,1377,0,P05_INVERSE_STRONGLY_CORRELATED,100,0.2
7939e86a99d60d0502e1545e02ccd8fcf409bcdb316046199db0b7945c3d32b8,1088.7073058206868,10.0,929.394757930076,100000,930.5047193173634,0.0001738448044495365,100,0,0.0038212023440542,-0.1194284105668499,35128.0,97482,42630,P05_INVERSE_STRONGLY_CORRELATED,200,0.1
59e91711b91af4b873ba0a3b793edb96a33119db93632430328e4f4768633e5f,2230.285855408632,10.0,1933.2583093882877,100000,1937.1710638964944,9.27819669065398e-05,100,0,0.0026275680369904,-0.2023917077819141,41608.0,131832,69887,P05_INVERSE_STRONGLY_CORRELATED,200,0.1
9c033dc3da5ff28eeeb2b02e8d7a2729899fb1e402d7390651f6ffdbf9161546,3208.0915703952887,10.0,2790.8024648836968,100000,2794.4739948325832,0.0,100,0,0.0021541466396747,-0.1315582165016999,25630.0,19408,7981,P05_INVERSE_STRONGLY_CORRELATED,200,0.1
6fa0db127492861fd09019f1ddacdfbb1f52fd577d1dcbf83b2c5072e01cc165,4282.6103592661575,10.0,3728.274554589079,100000,3733.400756498462,0.0,100,0,0.0018356566003909,-0.1374952899612384,38441.0,66814,46728,P05_INVERSE_STRONGLY_CORRELATED,200,0.1
a1121c58dbfdd8820b6bb7426ce51669687a1e72c7a80ed75df3f08c1713309e,5462.014378815422,10.0,4761.957326738714,100000,4770.231428043312,0.0,100,0,0.0016156270511727,-0.1737542093907119,18949.0,11839,5646,P05_INVERSE_STRONGLY_CORRELATED,200,0.1
89b5554dcec174583427965535166ec2dc87e631ed7691ffc8b961b1be02d695,6653.4115684040835,10.0,5797.046776564199,100000,5815.158721066153,3.828176220097285e-05,100,0,0.0014570571514684,-0.312433989236992,19303.0,30464,8637,P05_INVERSE_STRONGLY_CORRELATED,200,0.1
ea9ba2cb4d43ccef7d791b58492bbc278902306ee630065e50869dd3b0153030,7927.177842677336,10.0,6886.310510306946,100000,6908.674965414597,3.408469308384824e-05,100,0,0.0013175209519652,-0.3247668700703779,21701.0,12956,5824,P05_INVERSE_STRONGLY_CORRELATED,200,0.1
9afebd89cce7531eefa5b6cfd1d191923d030a76485c260fe1f6dd8b6d2c56f0,8952.038640217865,10.0,7748.622468559029,100000,7776.586410148829,0.0,100,0,0.0012262726918755,-0.3608891993804974,12367.0,19820,2556,P05_INVERSE_STRONGLY_CORRELATED,200,0.1
52d2640fa147bca04108601899a1488ab86a8887a4aebe3e12ad28c5950e7dec,9404.08197248426,10.0,8020.526406688928,100000,8050.970084907558,2.8501296901547314e-05,100,0,0.0011663320174841,-0.3795720713947283,14577.0,30808,9346,P05_INVERSE_STRONGLY_CORRELATED,200,0.1
7d34f91628eabf4b46b05afd1a8530694c6256a74a517e579f2147cf45007c2d,10946.998474163862,10.0,9278.621199198862,100000,9313.286254793553,-1.191749818111174e-05,100,0,0.0010749252367072,-0.3736013665228841,8077.0,5502,594,P05_INVERSE_STRONGLY_CORRELATED,200,0.1
54083a5d3ab555d1f99f578bd8bcc0138f2f38b7aab2595427fc93e5c8a41d66,1088.7073058206868,10.0,874.7100873888824,100000,876.9531715383335,0.00022513857757609464,100,0,0.0077953736885929,-0.2564374393059849,1202690.0,24247141,10906958,P05_INVERSE_STRONGLY_CORRELATED,200,0.2
c77cec7f982ffd3e6815cf6bf8c3c3ccf7f53153a99ae108c93d0b82638411d8,2230.285855408632,10.0,1857.8965044619113,100000,1864.666430973361,0.00012720515326722955,100,0,0.0054393841662437,-0.3643866326886956,22021.0,13929,6948,P05_INVERSE_STRONGLY_CORRELATED,200,0.2
df9a3357bd63c6f1eb3ef1ec68b679ba8c7dea052aaf70ea8bc637d7da4bd72e,3208.0915703952887,10.0,2693.727783543021,100000,2704.657624453418,9.29657504225056e-05,100,0,0.0043843594927669,-0.4057515008447253,30643.0,79595,65783,P05_INVERSE_STRONGLY_CORRELATED,200,0.2
266b20d6169d47f7ee261ba0f125727609b862298290e020e97270977c1095b1,4282.6103592661575,10.0,3621.891596505234,100000,3634.374471103211,0.0,100,0,0.0037434892713372,-0.3446506960623092,608045.0,1512570,1184230,P05_INVERSE_STRONGLY_CORRELATED,200,0.2
8f11c0e791d500ee767ec854ee048977b4276f71c9e08cca36632dddfb83c4b6,5462.014378815422,10.0,4637.77589342227,100000,4660.665663086749,0.0,100,0,0.0032962614966428,-0.4935505766232347,15089.0,15277,4921,P05_INVERSE_STRONGLY_CORRELATED,200,0.2
e209bdfd2e6af565f5379d54b8f3f0d03f5d22cacefeac84bf082f58e0931991,6653.4115684040835,10.0,5654.530503675043,100000,5689.648978318711,0.0,100,0,0.0029590713205869,-0.6210679139646157,606585.0,4734337,2558843,P05_INVERSE_STRONGLY_CORRELATED,200,0.2
27d3d30c491d29db401208aee3aab4022d8b18020d9c2360d33f88d0eae1934b,7927.177842677336,10.0,6741.517925375537,100000,6780.615770927236,0.0,100,0,0.0026754098485623,-0.5799561164783354,14416.0,6356,3827,P05_INVERSE_STRONGLY_CORRELATED,200,0.2
5f29777a08b6ac5589fa6ce813f6eee1da4ad974f17352947fcdecd6cc6c7043,8952.038640217865,10.0,7592.268445680607,100000,7641.958537748528,0.0,100,0,0.0024907178846445,-0.6544828126591147,17871.0,19070,10117,P05_INVERSE_STRONGLY_CORRELATED,200,0.2
ff1ea0219eef6e3b6db6dfa6a00298cef4a55026c1c1068f5b0c8b2acd7bcad7,9404.08197248426,10.0,7876.798722139463,100000,7925.955717045778,2.4977933560633097e-05,100,0,0.0023643318587529,-0.6240732642837321,10096.0,9998,2724,P05_INVERSE_STRONGLY_CORRELATED,200,0.2
fe0b6dd6595b7e1ec903adb4f376d60eb68874424ae31d1ce72bbb1eda3288bc,10946.998474163862,10.0,9127.355946588572,100000,9187.396533817378,0.0,100,0,0.0021790981306867,-0.6578092010452078,6143.0,136,0,P05_INVERSE_STRONGLY_CORRELATED,200,0.2
1870203f798a5a75285582d912586117f3aa4e1e1ed377034c897ffe35820ea4,2756.7653250890294,10.0,2407.4824109432784,100000,2412.239063223913,8.159422131362535e-05,100,0,0.0023988149032163,-0.1975778622104622,26862.0,15168,8390,P05_INVERSE_STRONGLY_CORRELATED,500,0.1
5dd9fc4959903da5931bfa9a2c643c2ee09d219d1e8bab3f374dd93c83d90d4f,5359.008461628054,10.0,4706.832498024612,100000,4719.348035031862,4.102660174398832e-05,100,0,0.0016816663565026,-0.2659014743461404,20594.0,7556,3624,P05_INVERSE_STRONGLY_CORRELATED,500,0.1
7b6951732fdb8594b74f31e61688fc757003b9e8a2cc17c959d52e5ed9480249,8305.738554562353,10.0,7312.334228887418,100000,7335.939585407326,2.9036932075446963e-05,100,0,0.0013358445107624,-0.3228156123752526,22935.0,9027,4883,P05_INVERSE_STRONGLY_CORRELATED,500,0.1
a65457e0d42591aece51cc7121840e6c23e338261199f81ccf3f03cc2c316ebe,10925.516247166175,10.0,9633.887530309114,100000,9657.8077229901,0.0,100,0,0.0011552803039259,-0.2482922143914615,23919.0,13179,4948,P05_INVERSE_STRONGLY_CORRELATED,500,0.1
daa06d77f400f004fb21a6d1f2b03ad42c7354e3fd2276efe7a80217fdc1d041,13745.565699285984,10.0,12059.680206186826,100000,12105.347376406033,3.700011751302263e-05,100,0,0.0010128885000063,-0.378676461053909,21461.0,8697,5956,P05_INVERSE_STRONGLY_CORRELATED,500,0.1
f6086583ff7e2f2eeb716e44e47b435f18c927cc64367c544a98ae49cb8484f3,15903.071037860767,10.0,13862.236805720917,100000,13923.549292773509,1.858478223200988e-05,100,0,0.000923437802975504,-0.4422986557788879,25181.0,10606,5077,P05_INVERSE_STRONGLY_CORRELATED,500,0.1
8227978dd7a94b7a36d66d6083bdbfe31cf436bec29fae2e24c8ea3f86737f3c,18915.40228685054,10.0,16479.735910301955,100000,16558.033377207346,0.0,100,0,0.0008433907471142571,-0.4751136021326959,18116.0,11922,6126,P05_INVERSE_STRONGLY_CORRELATED,500,0.1
bc70a73c3cef2c44e2fd6965ecc637bd4853b5662236ce63881eba7775b4a520,22236.29625317958,10.0,19360.182067527217,100000,19436.419070687374,1.3799516210913163e-05,100,0,0.000775393065606978,-0.3937824700937543,23708.0,14647,6391,P05_INVERSE_STRONGLY_CORRELATED,500,0.1
b07d8928821ded230a9d1a5e213a66beec355fade6d2d1f89ab6dd1e5327c581,25146.874294359674,10.0,21702.281693905657,100000,21810.543341500263,-3.2081913315983704e-06,100,0,0.0007191512228763111,-0.4988491492349122,10334.0,708,0,P05_INVERSE_STRONGLY_CORRELATED,500,0.1
543033514dbba9890d1a684097e11463d8d9663ad2b3989f930ee8d963ddf614,27040.1974868125,10.0,22988.364189231474,100000,23087.763488111716,0.0,100,0,0.0006778201181393591,-0.4323896126841595,9091.0,6293,1746,P05_INVERSE_STRONGLY_CORRELATED,500,0.1
83529aed70fc720975d9417045d606a771b69b01ab031cf7f8e5a5ccdccd2629,2756.7653250890294,10.0,2318.5720571991915,100000,2325.3438814065694,0.0,100,0,0.004897994456433,-0.2920687406005483,44678.0,335454,218413,P05_INVERSE_STRONGLY_CORRELATED,500,0.2
9c16df01aaeb73e5afce462d40b5ce00692f9cb1c9e9e504f475880c9c85ac85,5359.008461628054,10.0,4578.473451482457,100000,4602.327630904573,6.395129871757854e-05,100,0,0.0034229095392857,-0.5210072674854699,37621.0,25376,13269,P05_INVERSE_STRONGLY_CORRELATED,500,0.2
2230b593e416cc03964a4ace521714268889c91471a1752b46800457247d6623,8305.738554562353,10.0,7156.583521871686,100000,7194.290116482063,0.0,100,0,0.0027155743652271,-0.5268798232444305,31918.0,7410,4903,P05_INVERSE_STRONGLY_CORRELATED,500,0.2
433d8682de9499ed01c2ce21a57bf7d5a3651b6965cd0379c500d38c1b28ea2a,10925.516247166175,10.0,9425.607838942007,100000,9493.213987970144,3.72660220141896e-05,100,0,0.0023498145410821,-0.7172603632926636,28039.0,5660,3588,P05_INVERSE_STRONGLY_CORRELATED,500,0.2
3dd859f82c415198a52677c7bd28e2ee38ca78b4d710b0b0e6265051708460f3,13745.565699285984,10.0,11833.560606589645,100000,11927.523659928978,0.0,100,0,0.0020551132877535,-0.7940387214226076,27500.0,9969,5358,P05_INVERSE_STRONGLY_CORRELATED,500,0.2
9c826955880c8f3fd763bf33f532a5ccfe35ea97586852d62332ce196d58c119,15903.071037860767,10.0,13641.714723438874,100000,13741.656227608582,0.0,100,0,0.0018682171243849,-0.7326168754870037,26910.0,8042,4718,P05_INVERSE_STRONGLY_CORRELATED,500,0.2
f44c126d0f48b64f5bc2a0d11d396f98e3101c636350d9455c4ffc9e8517b696,18915.40228685054,10.0,16230.326268224237,100000,16358.383041859834,0.0,100,0,0.0017058729890082,-0.7889969155229406,20487.0,4832,4000,P05_INVERSE_STRONGLY_CORRELATED,500,0.2
d4021ae25962367e6ebf3f74405624749d989416fa57b3f70300486c1ba46893,22236.29625317958,10.0,19052.146461208737,100000,19224.39185471648,0.0,100,0,0.0015716735148633,-0.904073427413779,25662.0,10263,7780,P05_INVERSE_STRONGLY_CORRELATED,500,0.2
c035adb5dbe7350cff1de83bebe251630af01c3c2f5f247ae7794ecf1b53c6fb,25146.874294359674,10.0,21384.33613948534,100000,21595.150379165887,0.0,100,0,0.001456220583936,-0.9858348573715532,24731.0,14898,7051,P05_INVERSE_STRONGLY_CORRELATED,500,0.2
ccbfaf89d740c3d895deabd6cba759d2e994af5e03fcb57d53063e0026ab26c6,27040.1974868125,10.0,22687.9085095757,100000,22888.013581242856,2.306673495998252e-05,100,0,0.0013714074336882,-0.8819899444794546,24453.0,13407,1671,P05_INVERSE_STRONGLY_CORRELATED,500,0.2
40377ea5441dbf2b557719e33ccba1c6f135378741d0496928d22db44e36857c,112.63131849856067,10.0,162.03062918457636,100000,162.13719989694522,0.0,100,0,0.0031198312352822,-0.0657719549107375,4061.0,760,0,P05_ALMOST_STRONGLY_CORRELATED,25,0.1
ceda63cd5eb28255c560bc28d7d56f3868a853f27c6d9b904f27dd1d90a3f97c,200.63779113893116,10.0,309.73234036881615,100000,309.90442968570284,0.0,100,0,0.0021736300918803,-0.0555606549454174,7837.0,3175,222,P05_ALMOST_STRONGLY_CORRELATED,25,0.1
7e242410459029abd4171c2822bee1d7e18be977e4f6c2b058361324cdddb5c4,278.8633363153005,10.0,402.69197130378194,100000,402.9518883839448,0.0,100,0,0.0023596352677789,-0.0645448875777958,3791.0,102,0,P05_ALMOST_STRONGLY_CORRELATED,25,0.1
cea74f0f1e5115f5410e636ed3ebb1a7aae63deef1fb1fc3a3df47801572fda7,469.97216703269294,10.0,586.1429085185681,100000,586.4864130420574,0.0,100,0,0.0025031553604331,-0.0586042274839541,6419.0,942,228,P05_ALMOST_STRONGLY_CORRELATED,25,0.1
e8a958a60a428384ed1fc609f4898c18b202b09cb427070b9e0777c25cf8d786,515.9189618187869,10.0,660.3838764916859,100000,660.9423872440367,0.0,100,0,0.0022762381656482,-0.0845736506042376,3929.0,390,0,P05_ALMOST_STRONGLY_CORRELATED,25,0.1
4ee4e88912cbc9b92c6768ada6cef0ac2d53b8726d176cd6efd587b3fa4b6dae,669.2975149694981,10.0,818.3739058518469,100000,819.2114806390331,0.0,100,0,0.0022648293313807,-0.1023462235534477,7077.0,2812,417,P05_ALMOST_STRONGLY_CORRELATED,25,0.1
4d0f9df10826585e61d09cbee347cd0be66574ab2ac06a7491ff686ed54cf584,907.9861870330462,10.0,1055.932519855647,100000,1057.3865461657292,0.0,100,0,0.0023522452235311,-0.1377006847256775,6283.0,880,0,P05_ALMOST_STRONGLY_CORRELATED,25,0.1
feedb31f782b85e97880baca49b116ce1a4cf07c35d16c61512fb718ba77000c,1015.652441537617,10.0,1169.907078385521,100000,1171.2852867063048,0.0,100,0,0.0023630879230503,-0.1178049390628556,8417.0,4934,1729,P05_ALMOST_STRONGLY_CORRELATED,25,0.1
1d581bc49163bf6e00e29ae3b4c903e1611d4356c46a81e10c07e455a73a581c,1078.0584145275466,10.0,1252.891129221961,100000,1254.4987039727184,0.0,100,0,0.00213967933926,-0.1283092132479074,5612.0,739,12,P05_ALMOST_STRONGLY_CORRELATED,25,0.1
2f59d7b9b7733b6c9ebbaac82d353325b638b507335850986f20acfb1701812b,1105.9222745163063,10.0,1289.1551406075628,100000,1290.7339501371673,0.0,100,0,0.0021430701883607,-0.1224685439225311,4711.0,683,0,P05_ALMOST_STRONGLY_CORRELATED,25,0.1
6c4260516a6a54182c7ed7f45b0d98ef39ada8d014c1d6b619fa6ba8e5866063,112.63131849856067,10.0,145.96026417901749,100000,146.19011757192325,0.0,100,0,0.006820082675455,-0.1574766901105742,4869.0,3558,479,P05_ALMOST_STRONGLY_CORRELATED,25,0.2
a3f6d9442909cefe8b928bcd2eb29acd997fbd1f4cb0d9301d7a49bae45d2514,200.63779113893116,10.0,298.3828944494097,100000,298.8957549252589,0.0,100,0,0.0043764923435767,-0.1718799855452717,8896.0,2787,485,P05_ALMOST_STRONGLY_CORRELATED,25,0.2
eb6a5425b9df7f990e7521cf682e895a0052be2cff16efb65983389d1e1f62a3,278.8633363153005,10.0,388.4939239163258,100000,388.9249681768793,0.0,100,0,0.0046372419901428,-0.1109526389005475,4595.0,2364,258,P05_ALMOST_STRONGLY_CORRELATED,25,0.2
206cab7cab7138ae54c0fa0db345e8aa38156f6c028b575014321ed4e8157f8a,469.97216703269294,10.0,554.597314058831,100000,556.3190355286224,0.0,100,0,0.0052460344875917,-0.310445331440747,7194.0,7326,2886,P05_ALMOST_STRONGLY_CORRELATED,25,0.2
838a6117629bbd70f030a3dc28b869b98af42581e45f5892b567b44cb1bd68f4,515.9189618187869,10.0,625.8323372544854,100000,627.0283345059311,0.0,100,0,0.0047672325207125,-0.191105058056358,8203.0,18315,3481,P05_ALMOST_STRONGLY_CORRELATED,25,0.2
7ba559998bdba5a9585310f1db7d7bf14f7ee5451ea6a28987a2e3934e79340c,669.2975149694981,10.0,786.7535573778102,100000,789.1178100629543,0.0,100,0,0.0045785425449607,-0.3005074032361433,4417.0,732,0,P05_ALMOST_STRONGLY_CORRELATED,25,0.2
eba5fef110867af50b7e8dd2cda1baf85242af05070f79decdce1bc4e59c7452,907.9861870330462,10.0,1004.5556042783631,100000,1007.3383383196052,0.0,100,0,0.0048973136332089,-0.2770114495793586,14131.0,36650,13817,P05_ALMOST_STRONGLY_CORRELATED,25,0.2
d8fd5fe21e314b276175f1ee91acf7cdfaeb2ac8a7d03a93e3a1d352f6c82a08,1015.652441537617,10.0,1126.4012909601286,100000,1129.0835198050197,0.0,100,0,0.004738131065147,-0.2381237367550085,10359.0,9658,2007,P05_ALMOST_STRONGLY_CORRELATED,25,0.2
cf69e80464de30781f194d4e883d46746c2d1f1ac18ea3cbb73cecd17ecc64dd,1078.0584145275466,10.0,1200.177548984882,100000,1204.917648690414,0.0,100,0,0.004399974682407,-0.394949873003491,7399.0,5228,1484,P05_ALMOST_STRONGLY_CORRELATED,25,0.2
881b06776f91449e406a60899bdbe24618b816ce3dfcb1a7f08c27cd81a5810f,1105.9222745163063,10.0,1245.108491640633,100000,1247.8484171403086,0.00017189381678143698,100,0,0.0042829361249341,-0.220055161302873,3425.0,696,0,P05_ALMOST_STRONGLY_CORRELATED,25,0.2
705e40b9130226acd24e76a92b0f786161edabf2532f36a2039a73d6cef030d6,228.73978263130465,10.0,336.60399985726497,100000,336.7996985013057,0.0,100,0,0.0021940640771637,-0.0581391320732211,12701.0,20078,2957,P05_ALMOST_STRONGLY_CORRELATED,50,0.1
343f0e5fd4f7e6d0a3a07f707ef59545ae6d231f0f26e553f4c498a41c2e18ab,406.38790560144446,10.0,619.0676786508682,100000,619.7313865428564,0.0,100,0,0.0016847360553569,-0.1072108777241674,10748.0,2941,752,P05_ALMOST_STRONGLY_CORRELATED,50,0.1
0f442ef4cb7cb9b0ed9e04b7c75bb5c7a715c67a12e26cf474e4a344b4b4ecba,614.3128876307193,10.0,839.2638251571533,100000,840.1773995117098,0.00015740427839600223,100,0,0.00177144987823,-0.1088542514489381,30546.0,21837,7221,P05_ALMOST_STRONGLY_CORRELATED,50,0.1
5cf6bb2645523cad7f8d2a3fb06d50b93219a371cfb839bc2cabd523f1c00d0a,1009.7007378229551,10.0,1252.0810433608635,100000,1254.4872448255878,0.0,100,0,0.0018414501998265,-0.1921761756144403,18293.0,17723,8568,P05_ALMOST_STRONGLY_CORRELATED,50,0.1
216aa68f87471225eb39ecf9a8d7121aa36ad0319198d6e487ba25c82b1c3299,1190.3954267643592,10.0,1456.5639115173722,100000,1460.2266995218538,0.0,100,0,0.0017151586033159,-0.2514677162820768,59525.0,614910,203198,P05_ALMOST_STRONGLY_CORRELATED,50,0.1
9c9b6d21538c504802e5d3a30dc933709f76b4f36eb37545f8ad95dd44095c9a,1214.7348905944316,10.0,1542.7599946895548,100000,1544.725026349029,0.0,100,0,0.0015995499337601,-0.12737118321956,24087.0,40760,13530,P05_ALMOST_STRONGLY_CORRELATED,50,0.1
51f4f52716767e9c5450e836b1f93ab73c9e00df45b812aa8708e55621083492,1459.004268430867,10.0,1808.848363605719,100000,1811.4203908319796,0.0,100,0,0.0015968931833586,-0.14219142289703,16750.0,40268,12207,P05_ALMOST_STRONGLY_CORRELATED,50,0.1
974ccfb4e73358d294e18337f28fa4c28504a477a3f07f95861340edf2a277a2,1914.487249425419,10.0,2262.599115340062,100000,2266.383588854305,0.0,100,0,0.0015768487569714,-0.1672622201867264,16202.0,54320,10708,P05_ALMOST_STRONGLY_CORRELATED,50,0.1
60da4e0e91477ba5b3e2c14216eb469fdb17761738b33615f1fe2e14cf2feaf8,1890.1455097973376,10.0,2270.4859392973167,100000,2276.9635984955003,0.0,100,0,0.0014685474310214,-0.2852983621730032,23686.0,19825,6933,P05_ALMOST_STRONGLY_CORRELATED,50,0.1
5bbb356d561a4b95404a1b324fe8df0a677cf006cba8d2672559317130981e34,2446.49763222057,10.0,2839.0443201503026,100000,2845.281982403372,0.0,100,0,0.0015116728409609,-0.219709928753046,9799.0,2536,406,P05_ALMOST_STRONGLY_CORRELATED,50,0.1
db46a2552aa81a74bdfbbc9b9cb8866eb000d91740a4e77b9703a1bfb4f9dd4a,228.73978263130465,10.0,325.25516742217496,100000,325.6382205588383,0.0,100,0,0.0043744233292649,-0.1177700387358236,7427.0,9040,1671,P05_ALMOST_STRONGLY_CORRELATED,50,0.2
21d421f4937d1ca8c39e63d9783481e51e12bc90e04cfc96a31fae8782900220,406.38790560144446,10.0,602.4786643331406,100000,603.7530462830164,0.0,100,0,0.0033134268808587,-0.2115231667641413,6269.0,1845,556,P05_ALMOST_STRONGLY_CORRELATED,50,0.2
d49431358dd44b1779d1827338ea647c28b9316967a1ecbeb44a223adff0b1a2,614.3128876307193,10.0,815.2163006416097,100000,817.2785803211232,0.0,100,0,0.003547378457204,-0.2529733124681625,13514.0,22026,6620,P05_ALMOST_STRONGLY_CORRELATED,50,0.2
ccb8a57194d572e02f6213c4cd19addffeb498cebcd0f061673adf6c7acfdf7c,1009.7007378229551,10.0,1212.7947063285549,100000,1215.8695362125911,0.00015615759985265483,100,0,0.0037416018492567,-0.2535325944276729,17291.0,34197,8448,P05_ALMOST_STRONGLY_CORRELATED,50,0.2
d7ea276af1c7b6e9cad816a473252d02bd05ca10ba1d3d4b03cd6ca9a09cbdd3,1190.3954267643592,10.0,1416.5746409905933,100000,1420.1436004899042,0.0,100,0,0.0034618047846008,-0.251942918928382,19114.0,25665,6978,P05_ALMOST_STRONGLY_CORRELATED,50,0.2
3d1d7cc03baec4db7e1db591a8230b97aa843ad52fca4bc617af6fedc9c3a937,1214.7348905944316,10.0,1502.2078535708954,100000,1506.1008464862232,0.0,100,0,0.0032176174883463,-0.2591514154365369,11000.0,14682,4303,P05_ALMOST_STRONGLY_CORRELATED,50,0.2
8034288d4e23b2abbd5fa89be6af694c60a2974c320de2f0abc8e903ebf0f605,1459.004268430867,10.0,1761.2104986534714,100000,1766.5221683955483,0.0,100,0,0.0031816881636864,-0.3015919872234422,8664.0,1802,336,P05_ALMOST_STRONGLY_CORRELATED,50,0.2
c730f58338e76ce4d7c4711192dbd29f59f94448551decb992a52453dada4d6f,1914.487249425419,10.0,2194.320961713537,100000,2203.953248972484,0.0,100,0,0.0031948514164658,-0.4389643733533344,15428.0,19906,11754,P05_ALMOST_STRONGLY_CORRELATED,50,0.2
b7de72a08a1b9c4279175306cfd0bfa430ef0872016c4833af539a1a3edc0f9e,1890.1455097973376,10.0,2216.133900007594,100000,2222.80268465591,0.0,100,0,0.0029613325508364,-0.30091975256067,10193.0,6736,2130,P05_ALMOST_STRONGLY_CORRELATED,50,0.2
af0c729b9267d0b7f06075dbb637bb5899e40594577790e232889f86d137ee12,2446.49763222057,10.0,2758.581777888268,100000,2767.5885200109788,7.859767751736993e-05,100,0,0.0030838391945655,-0.3264990073850796,9168.0,5041,1828,P05_ALMOST_STRONGLY_CORRELATED,50,0.2
a05792fed7623085cda83da1f8c792be33914e2ed3676e48e2b838dae242b4fc,459.20206817367233,10.0,723.4293952137479,100000,724.2498667236165,0.0,100,0,0.0013754321072071,-0.1134141790887856,22064.0,18331,7087,P05_ALMOST_STRONGLY_CORRELATED,100,0.1
2ef0f9ff16072f0a6817a8780288e9fc4859eee113cf23b3fa8e87d090f39b72,858.3955171856044,10.0,1231.2915267092128,100000,1232.836606777864,0.0,100,0,0.0013518110762103,-0.1254845042896289,26585.0,29083,10290,P05_ALMOST_STRONGLY_CORRELATED,100,0.1
58a26c417c8a5ccca9cded2d73077d9e4fc60b264f13be8608ecbe5265f3cc4c,1386.0180019648064,10.0,1833.957194237593,100000,1836.952448991448,0.0,100,0,0.001270110110637,-0.1633219555650674,55229.0,183381,52884,P05_ALMOST_STRONGLY_CORRELATED,100,0.1
1813e60d55d8ae3ba3b41a8028221f02215fd4550ce113c1904a3a784afb14c8,1705.4035930376886,10.0,2277.91734121936,100000,2281.286488182611,9.112641523100928e-05,100,0,0.0011849989303542,-0.1479047067373985,15838.0,14789,4086,P05_ALMOST_STRONGLY_CORRELATED,100,0.1
c264d4faf28a115cc34ea00b2a358be105c9ef6930d486c36e4a040c8b48dc99,2189.061141156589,10.0,2792.386397738381,100000,2797.591661814126,0.0,100,0,0.001160844197646,-0.1864091617105918,19504.0,14732,4505,P05_ALMOST_STRONGLY_CORRELATED,100,0.1
5c0d14a5bd48fcf602a22335894cce5039d0c411e1b36dcd73dab918f115f8aa,2886.177375009661,10.0,3521.98502002147,100000,3528.4356519258768,2.905066606880175e-05,100,0,0.0011894288765943,-0.1831533032575865,28844.0,18954,7884,P05_ALMOST_STRONGLY_CORRELATED,100,0.1
9331bb9bbf3f8b7d353f81fb7c95716ef1a1d03895eef012806244bff417c0d6,3216.8335332140696,10.0,3918.516838957029,100000,3930.3614505259534,0.0,100,0,0.001137846281341,-0.3022728255539922,21741.0,16567,7026,P05_ALMOST_STRONGLY_CORRELATED,100,0.1
4b8c5bb7b9b609c2bbe3ee903c2504d6a7d26b610cdf1d7c2e44ab8fe1233453,3490.5161734854346,10.0,4246.460779838362,100000,4260.310417031365,0.0,100,0,0.0010871115400557,-0.326145416407929,29114.0,22075,7041,P05_ALMOST_STRONGLY_CORRELATED,100,0.1
6a6f768ec137d5514454869310f4759ef811db98f3c85cde8f8ced577de54596,3592.479997210422,10.0,4402.5350323670045,100000,4416.305249075351,0.0,100,0,0.0011037862817915,-0.3127792648351215,32985.0,16563,7041,P05_ALMOST_STRONGLY_CORRELATED,100,0.1
38036e64dd77c0192d10b909daae2828081bd131dd984849fa663d3a93114905,4798.834635110607,10.0,5628.224247354504,100000,5640.487240042821,3.658855591908612e-05,100,0,0.0010608379321829,-0.2178838679727706,25811.0,17826,8962,P05_ALMOST_STRONGLY_CORRELATED,100,0.1
454a2ec3cfc6037ab3a99615a03cd53df12e6ad8ebc4578ebb1ef6c6494337b2,459.20206817367233,10.0,707.1955168118224,100000,708.6635021074679,0.0,100,0,0.0027124837173465,-0.2075784221969541,11383.0,9756,2241,P05_ALMOST_STRONGLY_CORRELATED,100,0.2
c9bee6095f1e019d6ef1e28fcd3d6522a86ddf5153456215e8c7a13d0615ca25,858.3955171856044,10.0,1203.7888906382125,100000,1206.7236503443482,0.0,100,0,0.0026642809390584,-0.2437935529193863,19022.0,31288,6757,P05_ALMOST_STRONGLY_CORRELATED,100,0.2
5dcd6c01d80d737ae470efcec059549f6defd435906d572ebca376f987045bff,1386.0180019648064,10.0,1794.5952300202166,100000,1800.0565034679423,0.0,100,0,0.0025512179069193,-0.3043178403892332,14898.0,22729,4771,P05_ALMOST_STRONGLY_CORRELATED,100,0.2
1ad4b888dace80c431f0e441ba3349c2e655ec7fafb67c6b070e9189e19fdc4e,1705.4035930376886,10.0,2226.2583569284025,100000,2236.3626392950227,0.0,100,0,0.0023787457972279,-0.4538683632640594,6778.0,839,70,P05_ALMOST_STRONGLY_CORRELATED,100,0.2
e675b63526e5ec4ae7c4d54b355dedacd8f4ec7bd7bc7d53a2c8df4d218f7b93,2189.061141156589,10.0,2727.532209693209,100000,2741.350113178846,0.0,100,0,0.0023425530922791,-0.506608260629535,18637.0,12053,6911,P05_ALMOST_STRONGLY_CORRELATED,100,0.2
1270bde9fa985be48ed87810f24bcf0dec2a8ab8a4311406921f7ad28a8eab02,2886.177375009661,10.0,3442.699987754178,100000,3459.4015638225965,0.0,100,0,0.0023890666913025,-0.4851301631808367,18397.0,12822,6755,P05_ALMOST_STRONGLY_CORRELATED,100,0.2
3cb4a139c976076081902d8b530cb34cf05ce5683aba389067f429e5c3d9563c,3216.8335332140696,10.0,3839.159922611901,100000,3854.327397999445,0.0,100,0,0.0022900522784546,-0.3950727683473306,16242.0,20007,7522,P05_ALMOST_STRONGLY_CORRELATED,100,0.2
800748edb539b5b2044a19290fe271ddb8da585f2b599a4de962cecc847f4aba,3490.5161734854346,10.0,4166.417530483174,100000,4183.588776342732,0.0,100,0,0.002187186130734,-0.412134543259907,13933.0,16585,5343,P05_ALMOST_STRONGLY_CORRELATED,100,0.2
ac1930c34b0aab3088126437f28e71f666dd194249022fd353075b6162bc4150,3592.479997210422,10.0,4318.595083612344,100000,4336.241919830938,0.0,100,0,0.0022198554386611,-0.4086244687666642,20704.0,21034,7868,P05_ALMOST_STRONGLY_CORRELATED,100,0.2
56d2141e144d89d4cb75c64dceece1294c1e0a0c4f3c63cd8b84f1878017775d,4798.834635110607,10.0,5509.420558736269,100000,5534.615370961148,0.0,100,0,0.0021439911048754,-0.457304211146621,29461.0,112940,55686,P05_ALMOST_STRONGLY_CORRELATED,100,0.2
c76e63ac9ab55d55f4e7685f122e6bce9130096d160bc2dc634c0ac1b7e51f1c,906.8891240025048,10.0,1459.6793927271378,100000,1462.758130626141,0.0,100,0,0.000967544658640703,-0.2109187753381551,14561.0,18361,7343,P05_ALMOST_STRONGLY_CORRELATED,200,0.1
ceb065987dc6246b487bd18f41dc2ac23d8985d060bd419ef3be4beb05b2ca4d,1775.0913499604956,10.0,2572.456174567501,100000,2577.1148100370265,0.0,100,0,0.0009016021189890024,-0.1810967866268411,10787.0,15132,2771,P05_ALMOST_STRONGLY_CORRELATED,200,0.1
fad3a3c177011c51b6331fc87327d8d2911fe85f39c1e712b38947c9f76ddd1c,2731.754081834707,10.0,3692.898179275688,100000,3700.3404192144617,0.0,100,0,0.0008896582573757056,-0.2015284358647894,611111.0,11949487,4690055,P05_ALMOST_STRONGLY_CORRELATED,200,0.1
40f361b48f4e2019990e044c1b2c9fa432e8b9c3fc0a7324ad79244e621e72fe,3802.543182828608,10.0,4892.123940249527,100000,4902.595428527815,-1.832952221649821e-05,100,0,0.0008807854050951378,-0.2140478942517169,21921.0,18087,6925,P05_ALMOST_STRONGLY_CORRELATED,200,0.1
fcafd8dc4238860cd1093602ab3b2ceb41b8299d46be60bfa83b8991fa07e08e,4315.399075622566,10.0,5587.1271878426505,100000,5599.825614603836,-1.0998898622265958e-05,100,0,0.000829582731822459,-0.2272800731799408,20921.0,16223,7043,P05_ALMOST_STRONGLY_CORRELATED,200,0.1
ef87d3e28be5b8908e172e22a947c3bd876416f05f0c1859718441161b74cbaf,5326.699174525422,10.0,6683.760749686841,100000,6699.929057511861,6.174414562099474e-05,100,0,0.0007931628219334813,-0.2419043474256223,17764.0,7300,3633,P05_ALMOST_STRONGLY_CORRELATED,200,0.1
c1ba6907385cfeac20616c17666e3a48c7c098095aa1e9201cbddd09cf41875d,6329.933799899787,10.0,7780.660398084041,100000,7806.443254511725,0.0,100,0,0.0007899200374388508,-0.3313710547504833,14451.0,14387,6888,P05_ALMOST_STRONGLY_CORRELATED,200,0.1
20009c9d1d8bb71621361762848eea056f774830bf2b9c408627ec496a6124d0,7144.921142071224,10.0,8698.918224771109,100000,8724.366459589855,4.810547169714413e-05,100,0,0.0007650288611144757,-0.2925448217949681,50794.0,168403,59648,P05_ALMOST_STRONGLY_CORRELATED,200,0.1
8fa4701e0c0f21a40edc2fb9b5eb072cb7b1554ee9ebf5babc455bc2fec057ee,8436.768142736973,10.0,10070.407666007202,100000,10101.048239154445,2.1821022298746007e-05,100,0,0.0007632249725928789,-0.304263483301358,8951.0,854,0,P05_ALMOST_STRONGLY_CORRELATED,200,0.1
7947246d39d6331ee51ae2789db0792de87da3e2a3a74e10722e41f9d41cc6fb,9860.768155995493,10.0,11570.304048655176,100000,11609.076153491726,0.0,100,0,0.0007451717806017655,-0.3351001380214876,7966.0,665,0,P05_ALMOST_STRONGLY_CORRELATED,200,0.1
9d1f6ce2a177fb68879715629507e291241204d34ab85f078f7c4d3c5ba01e9d,906.8891240025048,10.0,1428.6787219069824,100000,1432.408727938793,0.00016225978335077953,100,0,0.0019561070913094,-0.2610808136647912,22577.0,18615,5247,P05_ALMOST_STRONGLY_CORRELATED,200,0.2
f64f33f0f160a4f9cea3ba6bf036fce5a580881e87394d399621fad2ba9e711e,1775.0913499604956,10.0,2521.5155177455244,100000,2529.931780669945,7.945783013191855e-05,100,0,0.0018263712071795,-0.3337779547732289,26386.0,26687,11797,P05_ALMOST_STRONGLY_CORRELATED,200,0.2
f68f0902c69df6ef64421d0c0153a22325c928baed0fdf3d93c419c6aeb892ec,2731.754081834707,10.0,3630.282057796537,100000,3647.170442642658,0.0,100,0,0.0017767609360637,-0.4652086140207979,12360.0,11988,4283,P05_ALMOST_STRONGLY_CORRELATED,200,0.2
830f621af2b6bc19cde412376e859f396d6230c5538dfa09b93b536a49693b58,3802.543182828608,10.0,4802.595713901735,100000,4823.813051662329,0.0,100,0,0.0017806247446514,-0.441788962147652,22706.0,6583,3628,P05_ALMOST_STRONGLY_CORRELATED,200,0.2
1fe02d86f872ef3166f120cb06eaed1cbc2c8885aae2b0ddba5865b09891104c,4315.399075622566,10.0,5490.614724716953,100000,5515.74688213449,5.835352344887798e-05,100,0,0.0016707989409053,-0.4577293923829775,36025.0,121193,79053,P05_ALMOST_STRONGLY_CORRELATED,200,0.2
e7d72a1506e38744560dc9e592a7d7072e15b08cb40c5e7ca35d92edee52a220,5326.699174525422,10.0,6572.2819671833695,100000,6605.439434904365,7.887514886810279e-05,100,0,0.0015987700124899,-0.504504643692358,19495.0,7612,3482,P05_ALMOST_STRONGLY_CORRELATED,200,0.2
13f96eaf4c2a6aca4ebb604b3a80093ca3975fb57d236e54fd4c637f4b327133,6329.933799899787,10.0,7655.223403107711,100000,7699.082148741076,0.0,100,0,0.0015912473624241,-0.57292574395098,14256.0,26558,4341,P05_ALMOST_STRONGLY_CORRELATED,200,0.2
2af6132e2d72b38b5e54eb6e1d2abb900e213f03c37521e03aa037d32bf105b1,7144.921142071224,10.0,8542.628446902621,100000,8608.068719766874,0.0,100,0,0.0015429476969026,-0.766043768273451,46310.0,473895,300467,P05_ALMOST_STRONGLY_CORRELATED,200,0.2
08e7071e515bca062112c060b8a3b5bd2cc0aba3fda7a0f627e5ee0ed728c6e8,8436.768142736973,10.0,9906.762685168867,100000,9967.235672170194,3.023479845861035e-05,100,0,0.0015405832447317,-0.6104212740642253,11573.0,6620,919,P05_ALMOST_STRONGLY_CORRELATED,200,0.2
c5438ceb466fd7eb1ab123898cffe1af5c94c7e4a2513baeca27dfdd822695a8,9860.768155995493,10.0,11383.34605281915,100000,11459.834289065086,0.0,100,0,0.0015037089423538,-0.671931046381507,18023.0,9434,4683,P05_ALMOST_STRONGLY_CORRELATED,200,0.2
7162236cdad70749537f40ca48d5f04c93df30f3d85c4c5ec7e08d44502f7637,2302.219870543575,10.0,3681.313732270453,100000,3694.4866936347057,0.0,100,0,0.0006285450929061818,-0.3578331628944977,40142.0,60743,23663,P05_ALMOST_STRONGLY_CORRELATED,500,0.1
2a88ad8c95188c7f6418e77e37311960a0f77695da8cebecf90f420fe083ca4a,4628.068127283994,10.0,6641.722773196124,100000,6662.272914961473,0.0,100,0,0.0005968453554670469,-0.30940980927845,38274.0,55958,17464,P05_ALMOST_STRONGLY_CORRELATED,500,0.1
155e8f04ce77f65e9d64b1c01f00e3b16714482ea170e0b5801902fc426c72b0,6883.703055935226,10.0,9298.137498965005,100000,9333.66560896915,0.0,100,0,0.000564044051038196,-0.3820992108161586,23956.0,12485,6899,P05_ALMOST_STRONGLY_CORRELATED,500,0.1
b5179918e60962b192f5f373b6ea32be3fa71e3ac2a441811585886ceb218ca2,8990.61948858992,10.0,11856.787973644512,100000,11897.264894292788,2.5926480930923218e-05,100,0,0.0005355395223452691,-0.3413818374609457,20424.0,14911,7230,P05_ALMOST_STRONGLY_CORRELATED,500,0.1
e5dd118a860aa41f86a017e8b24ef9d98d86199045434faf79a12edd316a8d00,11697.758446361431,10.0,14857.773410516204,100000,14908.329320861376,-3.2680563631055984e-05,100,0,0.0005266210930371164,-0.3402657245357337,24969.0,9744,5463,P05_ALMOST_STRONGLY_CORRELATED,500,0.1
9bb73b21617906e87affcda337b7eee044bc0abea70351a545b639855aebf760,14503.129196630907,10.0,17864.685261826507,100000,17949.56955572681,3.165133442071584e-05,100,0,0.0005146132992262417,-0.475151353949046,27790.0,8610,4571,P05_ALMOST_STRONGLY_CORRELATED,500,0.1
ae8ec8b768079bf905b27a24edf01b48499c03d8d6677e91db2c751e0ac8fd5f,16569.076211393523,10.0,20278.479696520928,100000,20354.3037958687,1.56910826992188e-05,100,0,0.0005039929570571768,-0.3739141221754359,20596.0,10793,5808,P05_ALMOST_STRONGLY_CORRELATED,500,0.1
ceee830984ce73b4f722cb4c00fe63c05a7d9ca0064b4b83eb66985c672c8eda,18745.727138584814,10.0,22705.15144051493,100000,22798.235264878167,2.7908838214532324e-05,100,0,0.0004896193895472471,-0.4099678639321499,31830.0,16842,7684,P05_ALMOST_STRONGLY_CORRELATED,500,0.1
50f81b11253930a04275239774ee921bbfba9b8b983ca93f6a9695c5d1bff294,20563.050548972093,10.0,24727.468329537143,100000,24864.626273145645,3.998981713503018e-05,100,0,0.0004768906647433694,-0.5546784724607858,30788.0,19528,8749,P05_ALMOST_STRONGLY_CORRELATED,500,0.1
3843242fdf3e775bfd0a0a47e3ba3c6f3ae2dea945720caba9c5e65c30697e72,23445.931206829016,10.0,27854.08036306928,100000,27969.787592729175,3.433538290151706e-05,100,0,0.00047247471582195186,-0.4154049537866212,24361.0,10835,5435,P05_ALMOST_STRONGLY_CORRELATED,500,0.1
23e4423cd0a8e3d43d431a00fd53379a5baf56e682a49dce941fa2f90d0345c2,2302.219870543575,10.0,3633.093339833162,100000,3652.337604583161,0.0,100,0,0.0012619603577105,-0.5296936508348034,43309.0,28734,6848,P05_ALMOST_STRONGLY_CORRELATED,500,0.2
a7baae49bff0084db0f1456eca7b5fd1e5651b668842702ab9a89127d17cf4a8,4628.068127283994,10.0,6550.638854239029,100000,6588.189993286237,3.452100450408856e-05,100,0,0.0012029699250063,-0.5732439214368902,26080.0,18690,5583,P05_ALMOST_STRONGLY_CORRELATED,500,0.2
8c084adae54ad9401228f19b6fb18af533e303ae5d87c71cefef5cb322ae19ab,6883.703055935226,10.0,9168.2833995963,100000,9236.864486053157,0.0,100,0,0.0011375592495166,-0.7480253769192748,43163.0,7035,3936,P05_ALMOST_STRONGLY_CORRELATED,500,0.2
855384390a3bc7f7c392424fa1ad3d1ea18eabf87c471d94dc17cd16014c13e2,8990.61948858992,10.0,11692.657223036196,100000,11782.553460115982,3.70753967332728e-05,100,0,0.0010788899254887,-0.7688264127223108,37078.0,11640,6508,P05_ALMOST_STRONGLY_CORRELATED,500,0.2
69bec681d1cc0fc4c8ae145694d238b9760775599ae3e44cdef0f7c6ed7f3100,11697.758446361431,10.0,14660.034216932358,100000,14770.751534503175,0.0,100,0,0.0010598974108861,-0.7552323271042504,38770.0,6819,4836,P05_ALMOST_STRONGLY_CORRELATED,500,0.2
074ea0509230c2ecfe2d9867083ad493e8385192c2929423af92af17d332d72e,14503.129196630907,10.0,17657.869271016938,100000,17784.74887570744,1.0472473582193224e-05,100,0,0.001035177348315,-0.7185442521015657,44506.0,5930,3951,P05_ALMOST_STRONGLY_CORRELATED,500,0.2
442e245e4ca18f7e0073bbc39b1421261a7a8ed40ca06e6f7230880ebdcb8878,16569.076211393523,10.0,19988.969582417285,100000,20175.219094902615,3.891179093060261e-05,100,0,0.0010171168498808,-0.9317614483197738,43432.0,5853,3632,P05_ALMOST_STRONGLY_CORRELATED,500,0.2
b7d456997b22b3573500e6ccb3e3d0fae66a9d1b929edba4d0f04aaa13c93faf,18745.727138584814,10.0,22421.990582257735,100000,22607.41181664721,1.8149565906662323e-05,100,0,0.000985268667982522,-0.8269615211425417,31683.0,5259,4052,P05_ALMOST_STRONGLY_CORRELATED,500,0.2
0e569362d85253b08a1223a906734e32d14390c8d204087bc6aeed067a5d46c7,20563.050548972093,10.0,24451.822321850388,100000,24660.893008982763,4.447363394234287e-06,100,0,0.0009594315140070516,-0.855031107213416,36348.0,11234,5166,P05_ALMOST_STRONGLY_CORRELATED,500,0.2
30ba1dccc2d6ec7350db23f5508e7e1f684f97e4a4e4018d9669523d8bf3f14f,23445.931206829016,10.0,27479.896463353984,100000,27744.891448256676,1.0542386327107208e-05,100,0,0.000952361534414404,-0.9643230834442136,43640.0,11303,7158,P05_ALMOST_STRONGLY_CORRELATED,500,0.2
4eebdbbdda66b2bf6821d5548f9115ed8ccfbee2ba5a52b76fe9f6c8b517c1c5,112.63131849856067,10.0,103.89879602034144,100000,103.9850691124556,0.0,100,0,0.005016597171446,-0.0830356995640874,14275.0,4463,1350,P05_SUBSET_SUM,25,0.1
c6499988bffea60ec9a9b29539e6207ab2d123e765be36e1e65a2e7e4e8bb04c,232.2169282654879,10.0,217.5006143013916,100000,217.70510605657935,0.0,100,0,0.0040776893605246,-0.0940189322428215,14400.0,13882,3039,P05_SUBSET_SUM,25,0.1
e214cfaec99ce2936f8fcda4f91b4424d300b8162ecafb61a48c4c2591fcdc8d,300.9566867083967,10.0,285.1047314250526,100000,285.3751916591319,0.0,100,0,0.0033372679224005,-0.0948634674449021,11099.0,9590,2374,P05_SUBSET_SUM,25,0.1
1eb8f7730d1eda1c3242eca03c0df3fed6ba2c68167123b225a6fe80aba3b31e,520.5735598916084,10.0,493.37278040095543,100000,493.85252432989984,0.0,100,0,0.0032920472028345,-0.0972376158560109,13596.0,15456,2789,P05_SUBSET_SUM,25,0.1
c3d77896b536ce2a965540b42d438fe22b03f9eca87accc55e84c1dba32d4532,464.7722271921675,10.0,440.40313291055696,100000,440.89511595555456,0.0003399722594450355,100,0,0.0033128006085944,-0.1117119766487934,21701.0,26883,7876,P05_SUBSET_SUM,25,0.1
cc7fa68f5ef36640b14209719d4f577c7292362a96c9400cd5543066f3c8e540,661.4370441737321,10.0,629.2748260742296,100000,630.1358838848603,0.0,100,0,0.0030340613545129,-0.1368333476809199,17942.0,21543,6410,P05_SUBSET_SUM,25,0.1
7480e1222a5158b76ca5800324fe26ce94d012192b8ad7721bc9e71ce55e906e,822.4512923072126,10.0,785.0193144241108,100000,786.1626209432345,0.0,100,0,0.0028232196389736,-0.1456405591705014,21705.0,21157,8821,P05_SUBSET_SUM,25,0.1
f117c0cb4831b93e1699ef4a7cd8cfcd673f36e9babe5db18f43805b814e7044,1016.0004901594976,10.0,973.6532465958422,100000,975.1719639220526,0.0,100,0,0.0025559085369967,-0.1559813343734201,21672.0,11637,6881,P05_SUBSET_SUM,25,0.1
129e705bfa6862746ce312ce2bf05615129a62dfb5d542818c40c530b55f42c9,928.6541312738166,10.0,887.3755881149974,100000,888.77905324492,0.0,100,0,0.0027452143886034,-0.1581590871689241,9419.0,877,0,P05_SUBSET_SUM,25,0.1
8389649b938fac7aad20cd10e4582c893268983c27b0e9902ff48bdc69c40865,1015.8717017981576,10.0,972.293670244523,100000,973.96574970453,0.0,100,0,0.0026348759520564,-0.1719726777185024,9979.0,1875,316,P05_SUBSET_SUM,25,0.1
f19877decf88098a52ebdaeeb130725b2670ba51c57edb286284feefdabf043c,112.63131849856067,10.0,96.10241199569955,100000,96.31434768231888,0.0,100,0,0.0103514762650355,-0.2205310795204565,10848.0,2652,486,P05_SUBSET_SUM,25,0.2
966c24b2979eb089f611a371110b6f63fb2b1c7214d766d06b24127b17023868,232.2169282654879,10.0,203.74055261326424,100000,204.23353964811884,0.0,100,0,0.0083917760068297,-0.2419680463861165,11098.0,3838,823,P05_SUBSET_SUM,25,0.2
043b5d6e32b99318230c49bf0ef4a2785044203b3ae23579c10bc3c187a6696c,300.9566867083967,10.0,270.0195599936467,100000,270.43432162003216,0.0,100,0,0.0068494035065821,-0.1536042894060131,12769.0,5009,1486,P05_SUBSET_SUM,25,0.2
463a7b436a42677ffa68650c3a57fa12c0f5b045e80f9a3917f9e7ec5f7dd1dd,520.5735598916084,10.0,468.0391773242351,100000,469.11158136294574,0.0,100,0,0.0066911343753264,-0.2291269813868056,10862.0,769,97,P05_SUBSET_SUM,25,0.2
073a1b7cb7a7dfacfa5b4a2f067876e89f670abc0ab589db899d13020e12c8d7,464.7722271921675,10.0,419.62352678523297,100000,420.82473099505535,0.0,100,0,0.0064002996994013,-0.2862575935684287,11405.0,5245,1377,P05_SUBSET_SUM,25,0.2
ee9acfbcdd043fbf3800f2bde1e4be4bcbda5e3f087002d439fa3655f4df6c36,661.4370441737321,10.0,599.4355663072979,100000,600.9441583502471,0.00034775892806891766,100,0,0.0061470952834748,-0.2516687577019463,14084.0,7944,4392,P05_SUBSET_SUM,25,0.2
344b067cf171bae59b68dca1576194ee00295fcec612f70ab74a35d0dcb71648,822.4512923072126,10.0,750.1676047782722,100000,752.3398283508318,0.0,100,0,0.0057100507795016,-0.289565099682173,15881.0,18809,7403,P05_SUBSET_SUM,25,0.2
3595e1ebed1ac444f571e5bcfaf88ab68df09c12aae58de083c5a16bc7b98d95,1016.0004901594976,10.0,934.1516132659336,100000,936.9416906146738,0.0,100,0,0.0051425399154201,-0.2986750019074021,14306.0,10348,6144,P05_SUBSET_SUM,25,0.2
f6c8e7ca3ba6b0c0b4732c2f6fa49c1a8390047d3865a1346168a6bb4406dccb,928.6541312738166,10.0,849.1840730494222,100000,851.7808072968847,0.0,100,0,0.0055189097865027,-0.3057916804936866,13587.0,4523,1456,P05_SUBSET_SUM,25,0.2
bbfe54f7ad8d5e6075f6f4c400e65702a82f4950668f634c95cee0848fdfdf65,1015.8717017981576,10.0,931.4923846405168,100000,934.2548631713088,0.0,100,0,0.0053516183320811,-0.2965648003508073,10867.0,623,0,P05_SUBSET_SUM,25,0.2
695306b6ba62075b27dc6bb34fcf28947d240c83cd2d18f4a70149f25ff803d1,228.73978263130465,10.0,216.39791837214625,100000,216.6136833326811,0.0,100,0,0.003414806281739,-0.0997075028068353,16964.0,33990,8963,P05_SUBSET_SUM,50,0.1
4dbb2cf6ac9b4665b30244ab916c462a388d4a6742785f9e706aced591287515,460.92457108473536,10.0,441.09920603461705,100000,441.7543237493941,0.0,100,0,0.0026531275693819,-0.1485193593219951,12627.0,14890,4858,P05_SUBSET_SUM,50,0.1
dbc38316e940bf613cc566299cc0e84babbe1b332883d4c66630575449c8ec41,609.5818584021666,10.0,585.5721602989099,100000,586.2488074334155,0.0,100,0,0.0024129276041616,-0.1155531598633768,14918.0,28873,5631,P05_SUBSET_SUM,50,0.1
8adc12aba91f17c2a42ba158927f71645cd7f8c79163cab6c4ff5bf0164f3a82,977.9724121124416,10.0,940.788650820381,100000,942.4288373385168,0.0,100,0,0.0023086762512758,-0.1743416565139832,19211.0,16480,7226,P05_SUBSET_SUM,50,0.1
fb82e335727a96e6059cf965d70cade4430157149ac803fafc7028ecab67898b,1023.8548127178656,10.0,987.5318599618352,100000,989.4794302935004,0.00020322761003359175,100,0,0.0021279094046436,-0.1972159492394011,17219.0,11676,5349,P05_SUBSET_SUM,50,0.1
5a6033dfbff78482bdb1bd0f4b43b5a899aa5cfd4a735bdc5ae7cf2e7b12f711,1346.5607762953744,10.0,1300.3850058996718,100000,1302.664038019083,0.0001282126287401532,100,0,0.0020620870365225,-0.175258258828843,15216.0,17778,7029,P05_SUBSET_SUM,50,0.1
ee6043c11f805a78232676a61a151326a59a56dff9ec0aabb76be39c94d31404,1766.9762911901714,10.0,1707.3439358632306,100000,1710.015186980302,8.374233667154044e-05,100,0,0.0020371781573016,-0.1564565323342965,15921.0,18066,6970,P05_SUBSET_SUM,50,0.1
3f7bcf6087732d7e3cb9d22e940eb17ac35e30d54931be140eabcc158845e30d,2013.6144227007449,10.0,1947.7738806938985,100000,1951.193283504556,0.00014275642175391585,100,0,0.0019563261947873,-0.1755544031342827,14639.0,13825,7126,P05_SUBSET_SUM,50,0.1
cc2fc93263529dbc825a509f56743ded2a802e97bd9c0df4b5a8af2fac10bf67,2142.711768175847,10.0,2076.622323113202,100000,2080.5721559438794,4.5025160872086195e-07,100,0,0.0018270809263966,-0.1902046793350351,15162.0,19758,7672,P05_SUBSET_SUM,50,0.1
c91ab628c2bd0a4ee2d4c64ecc254bcff13e05bcbd146e30f12be411ca1951ea,2239.2691530206375,10.0,2170.323418893923,100000,2174.981267692631,5.5349426813572374e-05,100,0,0.0018099670016876,-0.2146154235888691,5211.0,587,0,P05_SUBSET_SUM,50,0.1
8c92e893ad248e4e5489a85daff8d7822389aa5885e7c7fc6652e95c025aa168,228.73978263130465,10.0,205.09088582972353,100000,205.42623814463633,0.0,100,0,0.0069111530991985,-0.1635140018807186,7147.0,13729,2756,P05_SUBSET_SUM,50,0.2
0abeec119f01a59648a5c49f6dfed102af09fc8c69de7235dfc873bc6a0b7aa9,460.92457108473536,10.0,422.6332790083693,100000,423.9755297612273,0.0,100,0,0.0053390043500174,-0.3175923003525234,6801.0,1509,67,P05_SUBSET_SUM,50,0.2
d4956d0a39126f199bb552af6bf8fc126264630d9380e2352ee83156bcc3eddc,609.5818584021666,10.0,562.0320118597887,100000,563.6336324786182,0.0,100,0,0.0049891290762614,-0.2849696431934027,12183.0,24469,12284,P05_SUBSET_SUM,50,0.2
14a82cf664cb7dc0dc688db4e2423c60aea6e702a37432d48c47a66739db5a75,977.9724121124416,10.0,905.2466635406366,100000,908.1096588106466,0.0,100,0,0.0047056183780549,-0.3162668679508948,15552.0,25352,7449,P05_SUBSET_SUM,50,0.2
f857552a313ebb5301adf1f0149173a8c3f8a0f0559b244eb4cfa85c6bc420bb,1023.8548127178656,10.0,952.1683329918876,100000,955.8934823996324,0.0,100,0,0.0043604996489177,-0.3912280296110734,17229.0,19731,6962,P05_SUBSET_SUM,50,0.2
7e8e2fd6b3cff61b574acc5c0efc565976c4405d25b446cc4bcfa42fda5666e7,1346.5607762953744,10.0,1256.6450386837987,100000,1260.7737138519374,0.00021255612552184417,100,0,0.0041681260213003,-0.3285474450655545,12160.0,12420,3435,P05_SUBSET_SUM,50,0.2
055291c12a36c79f1e85d02da2c6b1ca030ad460da749c02a24cc8111e513242,1766.9762911901714,10.0,1650.217724555441,100000,1656.268227669121,0.0,100,0,0.0040992229500708,-0.366648777530851,8733.0,7720,3574,P05_SUBSET_SUM,50,0.2
9a1b1fb9c8e27229ef6dd3809007727e73d8f9333d4668a2461728ea3bf40792,2013.6144227007449,10.0,1884.9255218988735,100000,1891.34175094512,0.0001066800540316012,100,0,0.003956125862678,-0.3403969531794903,15242.0,19062,7016,P05_SUBSET_SUM,50,0.2
49fbce9b8d680f16f63d0b578fed797cd36e00ca394584f44935223d75ac7947,2142.711768175847,10.0,2013.6842682728095,100000,2021.7332411661043,0.0,100,0,0.0036681139681598,-0.399713749573991,7500.0,914,0,P05_SUBSET_SUM,50,0.2
8d83195e850a0ce3480b3ae0970beb20602b9a98c289caf5c30191f60c3ed5c4,2239.2691530206375,10.0,2103.422642525594,100000,2112.5739995754425,0.0,100,0,0.0036807958996166,-0.4350698173934549,14420.0,20716,8570,P05_SUBSET_SUM,50,0.2
1d1df2074fbd0c9d9c3be11013f8b933ab91aa82d0567cf8c53d75fc585b4ac1,459.20206817367233,10.0,442.13006158820065,100000,443.00447534246456,0.0,100,0,0.0022380880656824,-0.1977729700448055,11700.0,29713,15861,P05_SUBSET_SUM,100,0.1
d34bfffa404e6cfebe6b8a0a49b281e48856922ad2b581f0c98f0264f6bd11da,895.3741116576653,10.0,866.0836387842503,100000,867.6186540952626,0.0,100,0,0.0019576191348117,-0.1772363825238727,13436.0,12270,7082,P05_SUBSET_SUM,100,0.1
f7a0cc19a61d5d2f6e955e690748679b8e19212ba1b5ab9dccaf6b5dfba3c577,1287.5932757784065,10.0,1248.782769742305,100000,1251.3764063241783,0.00019534369292812393,100,0,0.0017716546643256,-0.2076931748832995,11973.0,17785,7113,P05_SUBSET_SUM,100,0.1
5d86501ec5a83e786263168d07192fd1052862c63dc2abbd03bbd730b13e5654,2016.507949173328,10.0,1959.1555158804472,100000,1963.5611678442024,6.52945105725542e-05,100,0,0.0016510807980569,-0.2248750509106615,13292.0,18529,5727,P05_SUBSET_SUM,100,0.1
d1c05bb7b8b9044f70c0cea1a21f10109a68050e8c3f08ba5f629c2605be70bb,2310.0300032746777,10.0,2248.7158059022727,100000,2254.098065789404,0.0001278639451872021,100,0,0.0015205079494257,-0.239348159202892,11296.0,22332,7746,P05_SUBSET_SUM,100,0.1
8c4c2c754896de0eba2d5b55b7bfa88180368f2c40ab6299b9774b021fef2e25,2553.2380459518736,10.0,2487.1189111336,100000,2493.4111086092144,6.342377233914207e-05,100,0,0.0014697306137561,-0.2529914210151774,11002.0,11183,5199,P05_SUBSET_SUM,100,0.1
9a60c5717211ee26dbe0f5e601fbc2494cafa0b5f626a9058b3574872c48a68b,2984.456287815955,10.0,2908.569718972574,100000,2915.850555911603,4.096174156177869e-05,100,0,0.0014418066362205,-0.2503236175339464,11183.0,11450,5111,P05_SUBSET_SUM,100,0.1
d1bdc9f97e49ef9df6eb3c1421c82e7cdc7163fbe974199cc5f9d403f90b02a2,3699.868077911483,10.0,3611.6079919740832,100000,3621.216182898863,8.620462648947762e-05,100,0,0.0013312474329005,-0.2660363734417315,12254.0,12554,6486,P05_SUBSET_SUM,100,0.1
1ab2409a4bc6867b60097d2e45577b7917627113b758c8eae17d3902e83c8ec1,3940.310054081861,10.0,3847.926006419232,100000,3858.1673564860366,4.744297889120924e-05,100,0,0.0013042110520551,-0.2661524688811453,10419.0,27346,7731,P05_SUBSET_SUM,100,0.1
4fa0ad2077f504fe4dd45d862ae02813c59156df066a02ecec085024d2df7d40,4727.724657135846,10.0,4617.9476291955425,100000,4630.3882559671,3.151282350016671e-05,100,0,0.001287512574064,-0.2693973117604368,7838.0,2367,243,P05_SUBSET_SUM,100,0.1
bb31cda03f4a32229f552cc84a4dfe92342d1364824712c2391f6b66e8bc1241,459.20206817367233,10.0,426.2290299548805,100000,427.6750156553242,0.0,100,0,0.0045139034361868,-0.3392508719072425,13416.0,21552,6482,P05_SUBSET_SUM,100,0.2
9d64e70588ce8b4d5c350fa83de0febd6358bf81e01da5da366815cd103c9f87,895.3741116576653,10.0,837.7298772333666,100000,840.6926886570304,0.0002041445594176013,100,0,0.0039873826872829,-0.353671452359879,17883.0,12821,5415,P05_SUBSET_SUM,100,0.2
e9d687f20e482813b7697273150a8ef119b54ce75438312848cd64c42a97ef42,1287.5932757784065,10.0,1210.9561364518972,100000,1216.2604897490046,0.0,100,0,0.0035989154113719,-0.4380301761093606,20198.0,16949,7052,P05_SUBSET_SUM,100,0.2
ba5acd1843b5a228b66b5ac6d2009f77f29826fe38b4444ca516b2fb05fe10de,2016.507949173328,10.0,1904.772967503622,100000,1912.796751821293,9.90736655390206e-05,100,0,0.0033199156196307,-0.4212462301051508,8914.0,499,0,P05_SUBSET_SUM,100,0.2
884e4646afe3a27219a015c0d5e2f4504331e8de0f60f9baced16127d22ba836,2310.0300032746777,10.0,2189.491857032913,100000,2199.0680105082965,5.3483769220879785e-05,100,0,0.0030927534186184,-0.4373687641095352,15618.0,13451,5922,P05_SUBSET_SUM,100,0.2
a18cbc7d6bb2e9eaa76c9b030265162b14b906357ca2e6ef6a3216afaaecdb59,2553.2380459518736,10.0,2423.9058631644034,100000,2435.6202226119785,7.624026461028243e-05,100,0,0.0029646545540346,-0.4832844222870134,15407.0,11083,6961,P05_SUBSET_SUM,100,0.2
01a77a1413993c4f571f72aacd4211b91d971b9732bccb409e8e44ceb3cbf27d,2984.456287815955,10.0,2834.516678143462,100000,2848.672348030493,7.617057388353578e-05,100,0,0.002926250218663,-0.4994033020226546,18020.0,13942,6895,P05_SUBSET_SUM,100,0.2
612a76b26ab995565e54721f82f028d9f323e751126343f3dc9626c38fab8376,3699.868077911483,10.0,3526.7426431896906,100000,3544.6997120043775,3.426972496696861e-05,100,0,0.0026871731656304,-0.5091686757853688,17345.0,10085,5356,P05_SUBSET_SUM,100,0.2
93e5940a8b2a02a3b7770a0c7d2fa84c7b9a247488afc891938552749c298283,3940.310054081861,10.0,3758.46383495712,100000,3777.7549789081177,4.105389603416245e-05,100,0,0.0026422879973235,-0.5132720387402142,18027.0,14094,7253,P05_SUBSET_SUM,100,0.2
2978ac81c3cb3dd8191818e135f224c98ce1d8812ea7667d9c8e13b2cf4659ef,4727.724657135846,10.0,4511.1818013988295,100000,4535.374703395397,5.352631559315714e-05,100,0,0.0026040620474051,-0.5362874533024937,19282.0,13921,7134,P05_SUBSET_SUM,100,0.2
11e94c0ff790771fc3eb5293e78d0a9756d9748605dc2af93e9a5a3f3b2004f7,906.8891240025048,10.0,881.7337053079054,100000,883.7797964943597,0.00017525174287247945,100,0,0.001601440907555,-0.2320531895443194,23409.0,10602,6996,P05_SUBSET_SUM,200,0.1
c610d2441c3d749c2b6ef43553d69c620b2e9582d5f8824362aaf3a9b04d9703,1866.6494917722684,10.0,1821.0361366046816,100000,1825.652154737416,0.0,100,0,0.0013756810489186,-0.253483060547106,22324.0,12292,6368,P05_SUBSET_SUM,200,0.1
707ce5d92fdaa5d6f486a4612a76cfcc1a886d09e0bb98e46be3f8944f08efcf,2662.6370249407432,10.0,2603.4786314361368,100000,2610.7055446338973,5.907395297738808e-05,100,0,0.0012188076836549,-0.277586806762995,18069.0,11225,4284,P05_SUBSET_SUM,200,0.1
934440b0bd48ebb054937440c0b3b27526bf704fa2e6b340a17bf6499085b2aa,3555.3376319934305,10.0,3480.289783401565,100000,3490.5608307366674,4.878284260662783e-05,100,0,0.0011367359407286,-0.2951204633616422,28207.0,10539,5133,P05_SUBSET_SUM,200,0.1
6371dfd4353c94281261379fb0a7267c155fcf195bc78cb78605d70c62e73af7,4552.923469724513,10.0,4460.389251010581,100000,4474.251339198347,5.529179786809055e-05,100,0,0.0010775428216366,-0.3107820283762285,24618.0,8660,4700,P05_SUBSET_SUM,200,0.1
db666c35aad23cee7f87d425bbe509d29157bac401d2110e886ea8ece969d6d1,5562.502477494993,10.0,5451.5962619834945,100000,5469.700376189328,3.478532634216192e-05,100,0,0.0010406508771183,-0.3320883157118996,15513.0,7128,4380,P05_SUBSET_SUM,200,0.1
f57d90a76576bcfa3c78281400359870967e32a9c4b03b475f59294cb481ff2a,6654.450569950063,10.0,6527.009966132923,100000,6548.25173356218,3.111158869687843e-05,100,0,0.0009938984273350365,-0.3254440783678111,26568.0,12550,5921,P05_SUBSET_SUM,200,0.1
0ffd98934a17c56af6132a33fd9561361ae90b0e003dc62c83152fcc7a9f1b5d,7497.493185672411,10.0,7356.024215030129,100000,7381.572731985236,3.674729152188016e-05,100,0,0.0009632679391671376,-0.3473142040900957,20791.0,9808,4552,P05_SUBSET_SUM,200,0.1
3ca19b0d638e1a001093500ef087c0d8b021592c84fe1f01584cea69beeef8c3,7767.71833612062,10.0,7623.053350456409,100000,7649.461343332072,2.35756033965005e-05,100,0,0.0009483531428452032,-0.3464227739411227,24807.0,14531,5988,P05_SUBSET_SUM,200,0.1
45f99549e027b692c1da995e17a4ab25b0627dc009bbb19eb614bb17625f794b,9128.816655982044,10.0,8964.715201322868,100000,8995.218914604191,1.8739796251005863e-05,100,0,0.0009100543287340438,-0.3402641645193803,15468.0,6319,4081,P05_SUBSET_SUM,200,0.1
0c58e81efdead91fd7cd6abc98de371eaff04ac3d3d5e4c575a00b6a365f69d3,906.8891240025048,10.0,857.4949978903754,100000,861.3016854625215,0.0,100,0,0.0032453655529923,-0.4439311694542074,28962.0,8156,3915,P05_SUBSET_SUM,200,0.2
2c490bf5048fb6229db96632b5c90def06f301140286f79a7afa409b13a69f45,1866.6494917722684,10.0,1777.350857643096,100000,1785.9657091992383,0.0001083177318936414,100,0,0.0027712983418574,-0.484701797571167,25800.0,13014,7168,P05_SUBSET_SUM,200,0.2
daee7cd715438a881ad52180bfe54e1367a8d5e351569f0ddd91b97cd3914531,2662.6370249407432,10.0,2545.1296630955308,100000,2559.58857608066,9.341441712361622e-05,100,0,0.0024736936258486,-0.5681012325141619,28625.0,8910,6118,P05_SUBSET_SUM,200,0.2
631537b40e3d8cf9446761dbd30cbe4247fc487503291fbd9f95e92b1fb76d10,3555.3376319934305,10.0,3406.510263367996,100000,3427.692394671847,0.00011123473569550982,100,0,0.0022906510560723,-0.6218132242733551,24330.0,20324,7185,P05_SUBSET_SUM,200,0.2
a3e563b8c7a162d5788cad72a98117d5946e5c956faed9ecd11671e710a6de65,4552.923469724513,10.0,4369.885282206957,100000,4397.567323448643,5.150284281972531e-05,100,0,0.0021731665667343,-0.6334729507522895,23839.0,9124,5520,P05_SUBSET_SUM,200,0.2
70d1338cd186aca828fb711ddb78e5b28d127f4253b864b9733213cb0c108cb2,5562.502477494993,10.0,5343.937393144564,100000,5378.04883554128,3.3858759596233433e-05,100,0,0.0021083221389925,-0.638320397250073,30114.0,7229,4140,P05_SUBSET_SUM,200,0.2
b6382b05e9b76a3cecda9e2740add53d98dd1cf53a20d21601dd4f7be02dc4cc,6654.450569950063,10.0,6401.583968106096,100000,6444.86371359245,0.0,100,0,0.0020007089395754,-0.6760786971159297,22313.0,11446,7118,P05_SUBSET_SUM,200,0.2
4d20eb70f4deed62fa0b99d9dfe37b9f9e335f2d142ee3c79e5d76fe50cea277,7497.493185672411,10.0,7220.407277359007,100000,7267.645911005058,3.026733767089471e-05,100,0,0.0019438439666775,-0.6542377989421351,29332.0,9818,5297,P05_SUBSET_SUM,200,0.2
1a35955e82a43ca77c12fe7bddf157fd0d6ffbcf6ebd10e1d4626c0bd6cac5b8,7767.71833612062,10.0,7484.3193491204765,100000,7533.015181402138,5.81090184135738e-05,100,0,0.001913627871344,-0.6506380875821963,31123.0,8482,4918,P05_SUBSET_SUM,200,0.2
c53aff74a2e3c65fc3f604279aa4039bc13a74b42883e3e71f7ae33cb9435be9,9128.816655982044,10.0,8803.25350894744,100000,8863.790956149678,2.366004237787469e-05,100,0,0.0018390890614384,-0.6876712926727453,30209.0,20440,7063,P05_SUBSET_SUM,200,0.2
ed9fd8df7c4dbdf9cbd439d6fa8c2c6ccccd3dcc3d5bf9279235e6eee4db40fb,2302.219870543575,10.0,2256.871368550848,100000,2264.2534088683806,5.8348376476044835e-05,100,0,0.0010277856396903,-0.3270917616484635,31491.0,11279,6946,P05_SUBSET_SUM,500,0.1
1bdba91234a8ad72d4128090f8ae98dcac3b899b588b61b4c34d7387389db51d,4449.917552537145,10.0,4372.85544123847,100000,4389.058467999961,3.787520733415615e-05,100,0,0.0008503077780188022,-0.3705365288019208,25694.0,6015,4381,P05_SUBSET_SUM,500,0.1
9daaf01b065f432adfcc903fabe73313a609cce88c2f79d3d2e4b6b82e38c395,6942.10219092599,10.0,6827.3811981512545,100000,6854.51155597126,2.7911526721026767e-05,100,0,0.0007837980502959391,-0.3973757584731368,24888.0,9356,6910,P05_SUBSET_SUM,500,0.1
9e7049795aad9fc5fe1d48835b2ea6969f38dda57b1418393e6925df1640faeb,9107.33442898436,10.0,8963.436943748431,100000,9001.254604046624,3.4721028595109e-05,100,0,0.0007232003004401131,-0.4219102620515338,22606.0,9309,6624,P05_SUBSET_SUM,500,0.1
205ab01285151e9c8a13a1633e7514a721859cfdf52611b5466f40b2f59ef136,11472.83842655871,10.0,11296.51179835705,100000,11347.546438107724,1.8430996646777068e-05,100,0,0.0006780234475849418,-0.4517734382227193,28816.0,9529,7025,P05_SUBSET_SUM,500,0.1
954b98d9b11e4a07d707bda922ef5a96e938c65d800c6c463ff1bee2ab9cd799,13175.79831058804,10.0,12978.516240762285,100000,13038.10407131862,5.524370801653745e-05,100,0,0.0006482062201458496,-0.4591266786659785,19215.0,9077,5317,P05_SUBSET_SUM,500,0.1
7b0f6d09d64e375765c7b8a8e725a26af732258fe8298f604fc6234f69a8c232,15733.584105032358,10.0,15508.928243564867,100000,15573.189351157524,8.566662996411593e-06,100,0,0.0006267140838223546,-0.4143491193166106,31156.0,6144,4809,P05_SUBSET_SUM,500,0.1
a52126fe7b6f58249002e5a2f304f040024d99146f3dae2ad492938e628cc2b5,18599.932616815942,10.0,18326.05481299856,100000,18417.87401976381,1.5996783489874735e-05,100,0,0.0006068392089145912,-0.5010309512995988,26033.0,8901,4974,P05_SUBSET_SUM,500,0.1
519d3cf90cd9492dab8af4539e121aa658db137e70b731a8c6edefff7d67a4ce,21055.96520345058,10.0,20747.587903435135,100000,20856.64316975189,1.8284945505488106e-05,100,0,0.0005872389402326266,-0.5256286505415643,31243.0,9562,5863,P05_SUBSET_SUM,500,0.1
666f5fa59ceca6aaf30c07024d08693be90b7b8f9f4f4c9e86d2c676f1b39b81,22494.742941357956,10.0,22177.547043043945,100000,22286.231710594413,1.232101502475476e-05,100,0,0.0005736705488267743,-0.4900662248152319,18621.0,2657,743,P05_SUBSET_SUM,500,0.1
2c76b95811c566a88b54aff99b5ddf16c718927c5128c94613743222f94d52a4,2302.219870543575,10.0,2213.2099612757215,100000,2227.053315560889,9.85426873172736e-05,100,0,0.0020727453464924,-0.6254876187701652,29289.0,8052,5549,P05_SUBSET_SUM,500,0.2
60fd944649a04bf7b34699a478a6e4270490c73f072a23f75e2a7ea568ec2072,4449.917552537145,10.0,4300.000989411688,100000,4329.50985988241,1.4060912542444393e-05,100,0,0.0017075180339573,-0.6862526437408722,22461.0,7199,5331,P05_SUBSET_SUM,500,0.2
a362d1772210a40b07b81b3d890b1c2bcc1df34fd03040f256a45eacd9259e7f,6942.10219092599,10.0,6716.1476351784495,100000,6768.448528390443,0.0,100,0,0.0015790710642661,-0.778733524826753,21766.0,4668,3691,P05_SUBSET_SUM,500,0.2
17310f8575b9a9430198d702b4072d2bc1e2943119ddce1ff89dc136cb9bb49d,9107.33442898436,10.0,8819.97378679565,100000,8896.20013976549,2.7800453217706028e-05,100,0,0.0014624801407468,-0.8642469332953976,28079.0,6666,4643,P05_SUBSET_SUM,500,0.2
6a9b5e2ac566ffad7ff27560b31225d315da1eab88c3cd20abd00aca5ec4df17,11472.83842655871,10.0,11121.094958385707,100000,11223.778867442912,3.155573032921903e-05,100,0,0.0013679221472082,-0.923325530817246,29110.0,6452,5553,P05_SUBSET_SUM,500,0.2
f402177055d9ee61c0576c64376789079687a4117a1b88623a0fedbfd481d0ab,13175.79831058804,10.0,12789.131778711491,100000,12902.20203177749,-4.626079156855112e-06,100,0,0.0013048186745559,-0.8841120337364159,28516.0,5426,4133,P05_SUBSET_SUM,500,0.2
b85af2fbf873879bfbf6f650c0196e8b50256a76e75fbd47dd55b18d80878d95,15733.584105032358,10.0,15269.905060820667,100000,15416.892036985571,0.0,100,0,0.0012670884918737,-0.9625926001468064,27270.0,8471,4482,P05_SUBSET_SUM,500,0.2
cb05dac677a76829dace9e88dac0c0bbc13217180f25f8877256b9e71a5db5a0,18599.932616815942,10.0,18037.611521212464,100000,18237.552293950575,0.0,100,0,0.0012249006431154,-1.1084658991739471,19384.0,5759,4823,P05_SUBSET_SUM,500,0.2
284bad5aa24b3cd71cca951e1bb0cdcf6ea7ffb695f5fd83f844c586b4c87e5d,21055.96520345058,10.0,20444.102156730383,100000,20659.617482830115,1.829903183991872e-05,100,0,0.0011844650758636,-1.05416870081909,20557.0,4879,4203,P05_SUBSET_SUM,500,0.2
7e6ee8e04c8452ec22557ea3592d43e3c20a33aeaeb9746547fa33adbcee40b3,22494.742941357956,10.0,21847.371172068295,100000,22079.910833579233,2.4354778854242837e-05,100,0,0.0011598443499413,-1.0643828023036417,24327.0,4839,4149,P05_SUBSET_SUM,500,0.2
5888d8d9eae309730ec02cf50c63e56d09d00acfb7bbea72c9ad5f3e061d79f3,238.4200597197812,10.0,184.70242969508712,100000,184.72093543043215,0.0,100,0,0.0083778837518887,-0.0100192159765351,4655.0,2664,547,P05_UNCORRELATED_SIMILAR_WEIGHTS,25,0.1
73bf8f41aa561ca399f108e898b14eee22a010e7c384096a8f603aec4c5b0ac0,474.35276127206834,10.0,384.59119070083665,100000,384.6105377407642,0.0,100,0,0.0058342981285823,-0.0050305468235571,4999.0,498,51,P05_UNCORRELATED_SIMILAR_WEIGHTS,25,0.1
5d24fcf9f718a7ded0235e71225da2b8389edf55b6e4aa2854a503867d9482ca,709.2974903532443,10.0,533.9908672918112,100000,534.0406608097246,0.0,100,0,0.0051846890161603,-0.0093247882994525,7402.0,2034,237,P05_UNCORRELATED_SIMILAR_WEIGHTS,25,0.1
40bd56c72c99a84cb8c6ea0966b8ad669215aa77682e6e5e9eb74744f4eb23af,955.6445715092711,10.0,655.586532633421,100000,657.1338287915034,0.0,100,0,0.005106710738061,-0.2360170749492205,5985.0,4580,1095,P05_UNCORRELATED_SIMILAR_WEIGHTS,25,0.1
2f9557c91d7dac715fdb10adfb931b24462f4e5d8c5b3ccf9bdce06b3b93a8e1,1187.3288207530454,10.0,734.9408094526336,100000,736.0110603875675,0.0,100,0,0.0050031015912237,-0.1456240994061714,5657.0,688,0,P05_UNCORRELATED_SIMILAR_WEIGHTS,25,0.1
18b49533743bcd69b3a6344ceb093e3f3d02d9dc32a67057d76d41b6ec679d56,1429.8647627609223,10.0,870.2280748320151,100000,870.5606839070458,0.0,100,0,0.0046232848476586,-0.0382209083630117,4051.0,881,0,P05_UNCORRELATED_SIMILAR_WEIGHTS,25,0.1
79317607ee558eaca142ab54ebd936d8fc2cfd30ca58eec6b317b52ebde0a5a5,1681.017888497369,10.0,1128.6703266633456,100000,1129.0767264519338,0.0,100,0,0.0038984824821248,-0.0360069525163904,3844.0,745,0,P05_UNCORRELATED_SIMILAR_WEIGHTS,25,0.1
76c739a15fed17c95c83c87d6fb5d6332708ac4514ab2b901f90cacd5fde54c6,1918.936426601596,10.0,1222.3309498118929,100000,1222.3994822293746,0.0,100,0,0.0038030563801652,-0.0056066990279918,5200.0,856,0,P05_UNCORRELATED_SIMILAR_WEIGHTS,25,0.1
c8024dadf19426d97f308934069891e0d2a1d888955b95bca4de6b2444b8dcdb,2152.283219098283,10.0,1190.4873509936938,100000,1190.537546804131,0.0,100,0,0.0041210442192698,-0.0042164085485655,4304.0,800,0,P05_UNCORRELATED_SIMILAR_WEIGHTS,25,0.1
8bf788e9c4f6abb1b458108ecb4f679a1aa60eec5464bc926b3c2e53000f96f8,2382.1409092716194,10.0,1207.1955390238093,100000,1210.5225177026136,0.0,100,0,0.0043795363727917,-0.27559567371287,3284.0,618,0,P05_UNCORRELATED_SIMILAR_WEIGHTS,25,0.1
4dc210ecc8c778aac832af00fc7fe38cff76cfadd29baf31a7ad5f2267721bcf,238.4200597197812,10.0,168.46571928182658,100000,168.67753244094007,0.0,100,0,0.0183706867192529,-0.1257307184016156,4046.0,477,0,P05_UNCORRELATED_SIMILAR_WEIGHTS,25,0.2
929c49ca52011c9b3e31f065b22ac7cd22467f527abed50ced381874af1dccde,474.35276127206834,10.0,366.9051041285592,100000,367.45394603296495,0.0,100,0,0.0122310624711461,-0.1495868817931221,7537.0,940,0,P05_UNCORRELATED_SIMILAR_WEIGHTS,25,0.2
7385093f186271501253daf367cf5ff16aedb771bb911932bb6950d01494f0a4,709.2974903532443,10.0,520.7797045599104,100000,521.4065819313357,0.0,100,0,0.0105487491531653,-0.1203728497743645,4775.0,653,0,P05_UNCORRELATED_SIMILAR_WEIGHTS,25,0.2
ce517008db0876463d2998412f74a0bffa3ffe226359821e3557de6802b88ffa,955.6445715092711,10.0,640.8612844272266,100000,641.2422018594325,0.0,100,0,0.0098523138317433,-0.0594383591991175,6476.0,748,4,P05_UNCORRELATED_SIMILAR_WEIGHTS,25,0.2
4620843c3c9aba02c04d518c056c7e5da9ebe6ae906ee46a9fd98f6c1172c490,1187.3288207530454,10.0,697.9019099690614,100000,698.3694770598421,0.0,100,0,0.0100789144003101,-0.0669961041948436,6117.0,3948,516,P05_UNCORRELATED_SIMILAR_WEIGHTS,25,0.2
131b99acd21e962619e0ecba0dd2c349b5f5d66cc33ba7e193038fd671c735d7,1429.8647627609223,10.0,819.856121403406,100000,820.1702508277323,0.0,100,0,0.0094403671320127,-0.0383151892296183,9836.0,11942,2271,P05_UNCORRELATED_SIMILAR_WEIGHTS,25,0.2
57187b9aa9b31597d00895d82f5f2d0346b502b0f98dc1774cf29c7f608a5ec0,1681.017888497369,10.0,1073.1268262669132,100000,1077.7771692097167,0.0,100,0,0.0082005225753181,-0.4333451395470786,4819.0,783,0,P05_UNCORRELATED_SIMILAR_WEIGHTS,25,0.2
ff64d0d754d2b48f5b204acca77b02f4ec5dc443e36670116fcfacd77c19a2d4,1918.936426601596,10.0,1198.9534099628947,100000,1202.5410425783843,0.0,100,0,0.0077298938019528,-0.2992303608862199,5425.0,956,0,P05_UNCORRELATED_SIMILAR_WEIGHTS,25,0.2
3ff4218bba14ffaba92e8de6486b41b3071125bc5b131ee82eb7993ed48a7aa2,2152.283219098283,10.0,1171.827931441506,100000,1175.3653186458862,0.0,100,0,0.0083733289260143,-0.3018691660667856,4161.0,890,0,P05_UNCORRELATED_SIMILAR_WEIGHTS,25,0.2
c1fb0b5e12d6566d795a349473ae76e36b9c15acc9055b6de79e960911863b09,2382.1409092716194,10.0,1186.8071857171906,100000,1190.117157717474,0.0,100,0,0.008702498367136,-0.2788971991506208,4155.0,819,0,P05_UNCORRELATED_SIMILAR_WEIGHTS,25,0.2
d12c04834449de6e645054a51e9039f1718e62c7b6b36376f67fe490deb41a87,477.191346271298,10.0,395.0282483772948,100000,395.0524859802223,0.0,100,0,0.0057188226916645,-0.0061356632157444,6619.0,2393,164,P05_UNCORRELATED_SIMILAR_WEIGHTS,50,0.1
b5825e458ce6329ebb43a8135f75c6d8ef9f493520849e16bcdbda40ef551a4a,949.221918839448,10.0,770.2781484121973,100000,771.6441953822901,0.0,100,0,0.0042830756755775,-0.1773446349099635,4625.0,730,0,P05_UNCORRELATED_SIMILAR_WEIGHTS,50,0.1
464db1441fa14761d8237e7f10f59e6180687f32ca3cc0e0ce01bb7ca8a54a2e,1424.3107599994298,10.0,1056.6482739065316,100000,1057.234665376472,0.0,100,0,0.0038217578644362,-0.0554954268531156,4101.0,704,0,P05_UNCORRELATED_SIMILAR_WEIGHTS,50,0.1
835cff3d1a45978ac1a86a00eeb52bf1a7326118e897b2e7889258a0fef9264b,1918.3352444081956,10.0,1533.1074135356196,100000,1533.31311451436,0.0,100,0,0.0030571722263594,-0.0134172581075738,9071.0,14725,4317,P05_UNCORRELATED_SIMILAR_WEIGHTS,50,0.1
e7e67dcb621a686e1830aa60f3f90688ff32e9568d96aac432d11d13653ddf74,2390.673550912837,10.0,1657.6587299284654,100000,1660.1073264661056,0.0,100,0,0.0031888806511454,-0.1477141521008916,6334.0,611,0,P05_UNCORRELATED_SIMILAR_WEIGHTS,50,0.1
726b5342b07fbf829e01cb76101621d8d30c348d0980f1493e6d349aa29e8cf7,2847.2184003355255,10.0,1894.399902655544,100000,1894.877172262929,0.0,100,0,0.0030086185921172,-0.0251937094546847,6996.0,1667,134,P05_UNCORRELATED_SIMILAR_WEIGHTS,50,0.1
9b0d4f56720d2d0c8cdf153e1eda15066c52eb059f6efde938af2febabb55b22,3325.97839258714,10.0,2076.897856006489,100000,2082.1006893171166,0.0,100,0,0.0030093663739042,-0.25050983107238,8862.0,3684,440,P05_UNCORRELATED_SIMILAR_WEIGHTS,50,0.1
b6ea1ec8cf1bfa6df00ab69571de203ce44ff216cf6abb70332076b15da0514a,3826.0730922284633,10.0,2142.5445952426703,100000,2143.899916635493,0.0,100,0,0.0031172850845767,-0.0632575581312034,4950.0,823,0,P05_UNCORRELATED_SIMILAR_WEIGHTS,50,0.1
238af410cbb9461a5c0641b1049731a04068cf6b05936342817c5e4ea517825b,4277.700648372551,10.0,2396.684380235623,100000,2396.8944563807154,0.0,100,0,0.0029217695355356,-0.0087652820214813,3515.0,752,0,P05_UNCORRELATED_SIMILAR_WEIGHTS,50,0.1
f09cef8bace065eba89bf41bf9b1de64f6ff3cdbf82fc671eed1d16ab75800d4,4787.984150178386,10.0,2444.6047156883105,100000,2447.460488450922,0.0,100,0,0.0030727128832584,-0.1168194082374591,4975.0,1086,33,P05_UNCORRELATED_SIMILAR_WEIGHTS,50,0.1
82b9e8aad1888ba118379c86331af074eb35fa8069a24735eb25657cfc42937b,477.191346271298,10.0,376.778129509986,100000,377.31823467197535,0.0,100,0,0.0119916538872526,-0.1433483314681168,8109.0,1210,73,P05_UNCORRELATED_SIMILAR_WEIGHTS,50,0.2
f3e066788974929b80531e4982c957e57bceb68a114d98fa91e9ace8c07ed371,949.221918839448,10.0,724.0900384530208,100000,724.4144541149219,0.0,100,0,0.008614272155674,-0.04480322123947,8888.0,3482,731,P05_UNCORRELATED_SIMILAR_WEIGHTS,50,0.2
28d4d7279aac2d40fd3182f55b1c2e33f57ca74c96821c0100148dd409f202a4,1424.3107599994298,10.0,993.6372928099044,100000,993.98743340109,0.0,100,0,0.007792384697737,-0.0352382699119127,9891.0,4814,1439,P05_UNCORRELATED_SIMILAR_WEIGHTS,50,0.2
16dadb30400cf7d8ee337dacbe6c6c07d664db7e353979702e9edbce4fce2ed4,1918.3352444081956,10.0,1493.350815996759,100000,1497.9198258619062,0.0,100,0,0.0062488261632228,-0.305956900160642,7744.0,3745,409,P05_UNCORRELATED_SIMILAR_WEIGHTS,50,0.2
caf7fa917c9204800dd685e116a0d2fd5cb88bf242d23206135abde1ac5a0484,2390.673550912837,10.0,1601.1923002189455,100000,1603.9373429583284,0.0,100,0,0.006451463439551,-0.1714374181669166,8713.0,2848,451,P05_UNCORRELATED_SIMILAR_WEIGHTS,50,0.2
d38197d73c95dbbfdb2fc4b6db008fc4dcf10f204900c26135f597b1fc3fabce,2847.2184003355255,10.0,1840.1085576923135,100000,1849.1071208436215,0.0,100,0,0.0061888343843236,-0.4890234934070041,10383.0,3164,537,P05_UNCORRELATED_SIMILAR_WEIGHTS,50,0.2
cac65f719d1c4f0bf6b7499171c0de57f0e4a69a1cb58ab88b03c8d6a9ccc041,3325.97839258714,10.0,2037.2919959481876,100000,2044.5809582153647,0.0,100,0,0.0060405550240639,-0.3577770040658661,8271.0,1400,101,P05_UNCORRELATED_SIMILAR_WEIGHTS,50,0.2
c3eed73f04762f4ac57c13ee0aea906c57cff38ac289b1c90005604ca94f4166,3826.0730922284633,10.0,2096.1579121144187,100000,2100.5325594205087,0.0,100,0,0.0062820629310476,-0.2086983657484719,6959.0,1001,23,P05_UNCORRELATED_SIMILAR_WEIGHTS,50,0.2
28749d918ac6676b0b8f17b99a6a76390eade4dd7d93c18f6a8c46660f87b5c0,4277.700648372551,10.0,2372.304701698883,100000,2374.7913198789224,0.0,100,0,0.0058313527118631,-0.1048186676129183,5173.0,646,0,P05_UNCORRELATED_SIMILAR_WEIGHTS,50,0.2
37c83b898a64441d8d624989f59993fe69a5d4a756e56d87c34d638905cb48ef,4787.984150178386,10.0,2419.627831519209,100000,2421.262971824664,0.0,100,0,0.0060654782867471,-0.0675781739718364,6685.0,865,0,P05_UNCORRELATED_SIMILAR_WEIGHTS,50,0.2
905b044f0c6f08d6aa21419f93d239eb2d8682184b9ae18f73d7b9eeb4b0fea4,954.5566827356326,10.0,836.7525815131665,100000,837.9466492049914,0.0,100,0,0.0039349756371808,-0.1427026002914231,7292.0,2259,334,P05_UNCORRELATED_SIMILAR_WEIGHTS,100,0.1
350141a0e918fe1b63b7c499652c1cf123ab7b8f862dcefbe22def9e10536f9a,1903.0518887882613,10.0,1621.2456376603027,100000,1625.3868112906769,0.0,100,0,0.0029052755691708,-0.2554315974197775,15250.0,16706,4571,P05_UNCORRELATED_SIMILAR_WEIGHTS,100,0.1
b8b49929887ca370df180133c8a6b42f2379540842a30b7e0c940f298e8634b5,2864.5197247163715,10.0,2209.738295879933,100000,2210.328048626775,0.0,100,0,0.0025993034310745,-0.0266888050925076,15497.0,18296,8650,P05_UNCORRELATED_SIMILAR_WEIGHTS,100,0.1
9ea5b3fa4dbe08f4897af128406e008a77bc740886f007d2a5c0ca0bf12d52d4,3804.9535309771777,10.0,2791.260047620891,100000,2792.628923324391,0.0,100,0,0.0023801350591927,-0.0490414966769911,9959.0,17914,7509,P05_UNCORRELATED_SIMILAR_WEIGHTS,100,0.1
e64d342494ac7bcc1792a59e14a986cf1b5b89bd86bcc5baa3dff4baf87146ba,4761.980464212327,10.0,3541.8189455136035,100000,3555.4237292149546,0.0,100,0,0.0021163833866138,-0.3841185535072094,9559.0,10950,3308,P05_UNCORRELATED_SIMILAR_WEIGHTS,100,0.1
1c5c9d96489f4fc5730f696ab9cecf8c17ffc4e6d61271d8429c50448d478598,5740.568880854969,10.0,3862.728607226887,100000,3866.860250746789,0.0,100,0,0.0021297564842875,-0.106961786343775,9217.0,5907,1301,P05_UNCORRELATED_SIMILAR_WEIGHTS,100,0.1
acb8d03bf3aa16036a5c04d5dec9c838b98817a39e2864fa68dcd616c493854c,6682.141128240171,10.0,4503.748396824447,100000,4506.960337128438,0.0,100,0,0.0019650384463278,-0.0713170457358625,8176.0,11487,2130,P05_UNCORRELATED_SIMILAR_WEIGHTS,100,0.1
958bf4b6ced056761bc4b6742a11923b44f851601e6c4c915a8f340d1347e1da,7617.958474824057,10.0,5031.0488585914845,100000,5037.438853644926,0.0,100,0,0.0018823409590454,-0.127011190569722,3634.0,729,0,P05_UNCORRELATED_SIMILAR_WEIGHTS,100,0.1
019d8f4d6039ee93273b515d1d5be1b99f507665fb048e2154e30df4e59494e8,8536.430486403257,10.0,4889.31845548875,100000,4897.922092215722,0.0,100,0,0.0020497479318892,-0.1759680169188658,4747.0,724,0,P05_UNCORRELATED_SIMILAR_WEIGHTS,100,0.1
dc4c9a4598b912a92fce23b378430bc2e88e377fafa33fb7aef7d888b190debb,9566.45712567692,10.0,4676.2173099069005,100000,4683.466695825796,3.146546255072467e-06,100,0,0.0022759721986034,-0.1550267115161002,4520.0,810,0,P05_UNCORRELATED_SIMILAR_WEIGHTS,100,0.1
12cf1c9442518e86782014326058a4ad27ac028469560c7d21b7241d5a3a8d95,954.5566827356326,10.0,772.7940462444132,100000,773.1107589236482,0.0,100,0,0.008114381152693,-0.0409828052861133,16447.0,21569,7881,P05_UNCORRELATED_SIMILAR_WEIGHTS,100,0.2
b64cb6e2bd58bb34fee5ae2807a01b43b4cde5179ce3dd4c2d9be6acffeeb61b,1903.0518887882613,10.0,1572.5165385708362,100000,1577.2530118742084,0.0,100,0,0.0058946852582021,-0.30120340150297,14839.0,17863,4901,P05_UNCORRELATED_SIMILAR_WEIGHTS,100,0.2
231c19023e8ca7d83291c72965133b3a9ffb5ae2b0d91449a58bd0fb51994de8,2864.5197247163715,10.0,2151.611436961881,100000,2160.973717855178,0.0,100,0,0.0053311129908654,-0.4351287938177662,11569.0,2542,731,P05_UNCORRELATED_SIMILAR_WEIGHTS,100,0.2
4291c135901e78facd995e2c14a0eff5cae33dfe15c14915091f63fb603ea4f7,3804.9535309771777,10.0,2718.1219744463506,100000,2722.625170642862,0.0,100,0,0.0048213054297421,-0.1656730727629948,18702.0,20286,6874,P05_UNCORRELATED_SIMILAR_WEIGHTS,100,0.2
85872a31b41fa631985dacd859ac430f1c151518e242ef83f07ff2564afa7e19,4761.980464212327,10.0,3464.0541103444248,100000,3483.5265672972637,0.0,100,0,0.0042770170203233,-0.5621291219063204,13177.0,11262,2804,P05_UNCORRELATED_SIMILAR_WEIGHTS,100,0.2
124d119255f9cc2e30a1c1c653aa16aeae94b9a3bd30dc2d8527b6904ed73d7a,5740.568880854969,10.0,3788.284659711096,100000,3801.970011294527,0.0,100,0,0.0042987083223761,-0.3612545733159097,15198.0,15010,5470,P05_UNCORRELATED_SIMILAR_WEIGHTS,100,0.2
3ad319908a957fcba7b942fb7b22628c40f6506fc84cc1d8e9717dbda2e6e52e,6682.141128240171,10.0,4426.252308574921,100000,4442.072975005493,0.0,100,0,0.0039652908589504,-0.3574280300271955,12374.0,3871,903,P05_UNCORRELATED_SIMILAR_WEIGHTS,100,0.2
aacc756b96e4faf0759aca2b026b4810fe38e4c7415dfd1a3a6efa5f017f5f46,7617.958474824057,10.0,4951.69998905766,100000,4977.206929118938,0.0,100,0,0.0037975175205982,-0.5151148114313052,10471.0,1231,277,P05_UNCORRELATED_SIMILAR_WEIGHTS,100,0.2
6ed45c3140c228e3d027d411b9350148080f5f96c0532199628947d18e94fb1f,8536.430486403257,10.0,4827.039648877588,100000,4839.480470845365,0.0,100,0,0.004099505005937,-0.2577319200323928,8631.0,329,0,P05_UNCORRELATED_SIMILAR_WEIGHTS,100,0.2
89cfc07e142c4d2b59b5ac4c46f2c720ae7f1b370e4da111f7aea64337849320,9566.45712567692,10.0,4640.555096655782,100000,4654.593577572714,0.0,100,0,0.0045390252069236,-0.3025172770181877,8533.0,168,0,P05_UNCORRELATED_SIMILAR_WEIGHTS,100,0.2
e4800404f28832dbc3b63284f1107301b0ff5060c41a6b2862c7d155735b97e4,1907.9502329111808,10.0,1669.9979178942474,100000,1673.6032715687518,0.0,100,0,0.0028166548096282,-0.2158897107518846,20125.0,22795,8426,P05_UNCORRELATED_SIMILAR_WEIGHTS,200,0.1
78e96cdb8c47d6536bbdd883305cca9b4c59912d25ac32cf043c9ad74cc01b3d,3811.992698343117,10.0,3126.143177954373,100000,3134.3829040655605,0.0,100,0,0.0021370078238651,-0.2635748154241321,17511.0,16723,6667,P05_UNCORRELATED_SIMILAR_WEIGHTS,200,0.1
876be63581571190060b54981997e2e30ba6405364a7458440c435f1a30f24ec,5724.970568413055,10.0,4617.313439343562,100000,4634.993546924532,0.0,100,0,0.0017840849975398,-0.3829089753864197,20480.0,16354,7585,P05_UNCORRELATED_SIMILAR_WEIGHTS,200,0.1
17755c62ec754bbf37f4e01b369cb72c6507fb719cae43bc8c05f0c05f24aace,7649.47635455569,10.0,5958.074118273723,100000,5964.4409553091755,0.0,100,0,0.0015960298770757,-0.106860655122184,13855.0,17713,5934,P05_UNCORRELATED_SIMILAR_WEIGHTS,200,0.1
bbbd2716a870cd4072c80c45f34edd572906034009ec24333e240fe133537e69,9517.625250981158,10.0,6931.067625527967,100000,6942.2868224132235,0.0,100,0,0.0015313315206895,-0.1618682357669547,12272.0,17206,6596,P05_UNCORRELATED_SIMILAR_WEIGHTS,200,0.1
5b60675132f897a1566a1672f1f43c9c0662d6673c528274b85e96a508b57d13,11436.122047013589,10.0,7913.521787547392,100000,7931.863371157382,0.0,100,0,0.0014740580504574,-0.2317752336115675,9842.0,4716,1386,P05_UNCORRELATED_SIMILAR_WEIGHTS,200,0.1
09359a44b0813b1941ba5a80d7b3d9825f7db560c1dca850c8416d6987d8a964,13353.804148750209,10.0,8253.007989262213,100000,8264.281221547282,0.0,100,0,0.0015237912889168,-0.136595436472824,10802.0,9727,2936,P05_UNCORRELATED_SIMILAR_WEIGHTS,200,0.1
1b42572efe860b37346fe2884449e5bc22e2ef093da38747c72b0226dc6d30a6,15252.471373395623,10.0,8288.606422661043,100000,8305.91362065873,0.0,100,0,0.0016234619108288,-0.2088070915077932,8893.0,1451,222,P05_UNCORRELATED_SIMILAR_WEIGHTS,200,0.1
0c86b7a6717fc77b56b85457d7cd974723b543b004552debacfe1b3c46cd7afe,17199.306240313195,10.0,9638.144526347838,100000,9651.621017296296,8.471503292870724e-05,100,0,0.0014827096019301,-0.1398245368869061,10828.0,6814,2345,P05_UNCORRELATED_SIMILAR_WEIGHTS,200,0.1
b4e9e41a4514ecdb0161f95e36efe8886bcca88bdc3bc6ed9ce0ee803c6b4707,19159.489896381543,10.0,9837.497511180049,100000,9854.227675402237,3.984832909309341e-05,100,0,0.0015374126806359,-0.1700652447756644,5558.0,659,0,P05_UNCORRELATED_SIMILAR_WEIGHTS,200,0.1
f55b9d1822a1a4f53428a571ecf768018ac7c8612d75a287c3596607ee232385,1907.9502329111808,10.0,1607.8040366739458,100000,1611.4687690879189,0.0001367581506806068,100,0,0.0057485413593805,-0.2279340224542711,24623.0,18485,3528,P05_UNCORRELATED_SIMILAR_WEIGHTS,200,0.2
4b15f62ac29123267042cd63857fa23704b6e2cd3ce828f62c1b5f9662975490,3811.992698343117,10.0,3038.521524503703,100000,3050.085063050029,5.702259392313066e-05,100,0,0.0043418967118645,-0.3805646414900682,15908.0,10659,3161,P05_UNCORRELATED_SIMILAR_WEIGHTS,200,0.2
8230449d385ff34c725ff150fe411eeb438f6b848f2af7c978e372a99795737a,5724.970568413055,10.0,4522.975802298377,100000,4535.702176020086,0.0,100,0,0.0035866821620443,-0.2813716959361587,24298.0,20778,6856,P05_UNCORRELATED_SIMILAR_WEIGHTS,200,0.2
0671c35bc5412aec23173332d51fe001ef2e1d1d9844c367c91d06282f8d8d9a,7649.47635455569,10.0,5837.340625893738,100000,5862.833782281201,0.0,100,0,0.0032344541943581,-0.4367255231667981,20547.0,14481,6712,P05_UNCORRELATED_SIMILAR_WEIGHTS,200,0.2
02550048553b6c3f1d11f2d9e8897b8c740b490c3ebebc784ffa0f768ca8faf9,9517.625250981158,10.0,6800.628456910522,100000,6840.325293198799,0.0,100,0,0.0031010105678451,-0.5837230564763297,17981.0,8062,2740,P05_UNCORRELATED_SIMILAR_WEIGHTS,200,0.2
e0bede27ea8daf64c23176baa3bf22b4fa53dcd96648e54f1c87e69df682fc3f,11436.122047013589,10.0,7792.805561783805,100000,7820.394942370851,0.0,100,0,0.0029635849993771,-0.3540365580574065,22939.0,17040,6767,P05_UNCORRELATED_SIMILAR_WEIGHTS,200,0.2
92a39e77dfa497e1a2d7d09bb79b62261137302666835c5a3363a5985b379b43,13353.804148750209,10.0,8150.563828916604,100000,8177.773693010303,0.0,100,0,0.0030588185836845,-0.3338402675550369,21048.0,15156,6750,P05_UNCORRELATED_SIMILAR_WEIGHTS,200,0.2
09fe0482ea9370428d2de7f1ed7b37d78db9d677b74682c99d93e26926611245,15252.471373395623,10.0,8191.403731338138,100000,8235.199143385098,0.0,100,0,0.0032614982159079,-0.5346508789380104,13784.0,2033,337,P05_UNCORRELATED_SIMILAR_WEIGHTS,200,0.2
1adc215d156347c8ef8f1e207d4c59dcaa977444a97e1d8e295336e01a70fd63,17199.306240313195,10.0,9542.775999852582,100000,9590.142662903823,0.0,100,0,0.0029760482115505,-0.4963614681092101,11552.0,229,0,P05_UNCORRELATED_SIMILAR_WEIGHTS,200,0.2
3ae259be557dac22062be6c5076ec4726c8fb22104bab48825c1a542b74df7ef,19159.489896381543,10.0,9786.626876478804,100000,9815.767638395144,0.0,100,0,0.0030619888185739,-0.2977610394688397,11542.0,232,0,P05_UNCORRELATED_SIMILAR_WEIGHTS,200,0.2
52d9bb2d10b2cbe52ffd8e29ca38079086424a67655e24ec75abc07fd8eb2336,4773.410638897882,10.0,4172.446707104342,100000,4185.140203212899,0.0,100,0,0.0017991526044036,-0.3042218870511681,25005.0,31428,10123,P05_UNCORRELATED_SIMILAR_WEIGHTS,500,0.1
73c646c1658d66d9bfc49f27f4860cf7c0ac91d9b46926f00518f1b106f3928d,9549.207983472214,10.0,8148.438919559469,100000,8172.609421060043,0.0,100,0,0.0013059376270323,-0.2966273876405322,15440.0,468,89,P05_UNCORRELATED_SIMILAR_WEIGHTS,500,0.1
22ab87dc517d209cbef5420cfc7867b3adf5d3cbf4bdf2489e9db54b271dec68,14317.913072683998,10.0,11228.059281371408,100000,11258.222733737348,7.752932209510766e-05,100,0,0.0011618201921052,-0.2686435082862808,21759.0,7498,3611,P05_UNCORRELATED_SIMILAR_WEIGHTS,500,0.1
bedc82238dd6ae5edc6adf7b36b73abfe7f6c4650b83037add722d49fd545c75,19071.596091593103,10.0,15064.724050667272,100000,15111.530597182693,0.0,100,0,0.0010003103888215,-0.310702979742587,19998.0,7680,3652,P05_UNCORRELATED_SIMILAR_WEIGHTS,500,0.1
48c0ca238e80dc8bf7837daeab55703a0bcfa29c618bd44ccd081f90a30f9782,23885.907648392797,10.0,17239.75570196975,100000,17281.74144643676,2.1504232991743597e-05,100,0,0.0009792389498798878,-0.2435402519202477,23036.0,9367,3803,P05_UNCORRELATED_SIMILAR_WEIGHTS,500,0.1
6f86b5877399551a5031d735e7516aed7a2d412f1929c46cd3d4b41f5e404af2,28710.14160847511,10.0,19865.36557477755,100000,19932.310251153976,0.0,100,0,0.0009336748459082448,-0.3369919175382593,18299.0,11350,5071,P05_UNCORRELATED_SIMILAR_WEIGHTS,500,0.1
30b55696099ce2c4a209d3935f1587232951143b4e68b71a84f9be341906b0af,33459.68630234461,10.0,21879.016132689743,100000,21960.83125536163,1.4130261148251151e-05,100,0,0.0009152686037585196,-0.3739433353662091,13132.0,9457,3261,P05_UNCORRELATED_SIMILAR_WEIGHTS,500,0.1
bfa74e7270261160847de3ab282c7b3d58eb0ea41db8ee5d6bedbf5fd6f0a27a,38220.413209590755,10.0,24049.311990013448,100000,24119.05381610032,0.0,100,0,0.0008892530430455375,-0.2899950988861266,17777.0,11797,4316,P05_UNCORRELATED_SIMILAR_WEIGHTS,500,0.1
0ee74fb538971d95eda8db33961f383580f3d9699c0e977f323f3c2f9ad6596b,42944.844408068806,10.0,24236.79030705657,100000,24303.212944133455,-1.4179363001776e-06,100,0,0.0009346233255029808,-0.2740570687594127,10605.0,3392,609,P05_UNCORRELATED_SIMILAR_WEIGHTS,500,0.1
a0100d7520ba3e885a24cc665a93d303d5299e5b1637d4935b954a40b8c43805,47776.90765174581,10.0,24320.475862142124,100000,24382.253379834645,0.0,100,0,0.0009829239204906617,-0.2540144281826537,7039.0,378,0,P05_UNCORRELATED_SIMILAR_WEIGHTS,500,0.1
5211552cead7816f9f681878dbaba797a5496ea3ac8ab271787932b02ecbad10,4773.410638897882,10.0,4062.379367922245,100000,4082.050201205954,0.0,100,0,0.0036563795213146,-0.4842195054217849,31830.0,12254,3018,P05_UNCORRELATED_SIMILAR_WEIGHTS,500,0.2
d141f5a8904344a994d57df11a27eadeeb78c81463bb0ae1fb07f961ced8992b,9549.207983472214,10.0,7969.955963962354,100000,8024.697752112643,0.0,100,0,0.0026524258023444,-0.6868518270090078,75016.0,15101,5220,P05_UNCORRELATED_SIMILAR_WEIGHTS,500,0.2
e55cf06cfe6d853cf869cad73ed44e1c8067e695fb90ee90cf31996cb421b835,14317.913072683998,10.0,11043.8251283251,100000,11101.31101320524,0.0,100,0,0.0023446392771823,-0.5205251279531625,70484.0,10283,5255,P05_UNCORRELATED_SIMILAR_WEIGHTS,500,0.2
427a3aa97718ef75c225aaabb616911e8e58f812720a55d89060cfce0f3826fd,19071.596091593103,10.0,14839.86227065058,100000,14939.47833539626,0.0,100,0,0.0020196523841544,-0.6712735127110515,64067.0,16401,7391,P05_UNCORRELATED_SIMILAR_WEIGHTS,500,0.2
59ea0591c1abf54b31489609cbdffd982f786f7664a98f43f554620f2928c6bd,23885.907648392797,10.0,16995.459409530533,100000,17118.71341116423,0.0,100,0,0.0019761831540365,-0.7252172398739629,59068.0,7125,1285,P05_UNCORRELATED_SIMILAR_WEIGHTS,500,0.2
7f8897370f0e21775d7d77a0fac081f75941382d91247f2635d5e7ff0ed17f09,28710.14160847511,10.0,19645.904986198417,100000,19771.868023613457,0.0,100,0,0.0018779253941729,-0.6411668869595539,41324.0,17513,7161,P05_UNCORRELATED_SIMILAR_WEIGHTS,500,0.2
a022b01339485f3476cd8ba5dcefdb120810e35f3250f8ce8ccbf8895b1142cb,33459.68630234461,10.0,21622.943131302913,100000,21800.255799814615,0.0,100,0,0.0018436810703751,-0.8200209723301347,37156.0,20999,7044,P05_UNCORRELATED_SIMILAR_WEIGHTS,500,0.2
fda9d2e88ae8eaf94a87f91e1e1cb4b17ed396eab9d1472d252744000cf1627c,38220.413209590755,10.0,23783.411588681432,100000,23979.6158281987,0.0,100,0,0.0017909680405754,-0.8249625533564847,22480.0,12022,2138,P05_UNCORRELATED_SIMILAR_WEIGHTS,500,0.2
383bb0987b8a1e00edcb722c608cd31b8f21a0c2fb222cbb0f7c3ef81daaf8d3,42944.844408068806,10.0,24067.34234572159,100000,24212.337062775376,0.0,100,0,0.0018727414966798,-0.6024542094052902,23844.0,5896,1104,P05_UNCORRELATED_SIMILAR_WEIGHTS,500,0.2
0a502aea5759682020dc5f1ad809c63e075d82760fb3ab0233fab2b1e1162c40,47776.90765174581,10.0,24212.024209948057,100000,24322.640094452738,0.0,100,0,0.0019633903195199,-0.4568634309362376,20609.0,4585,1045,P05_UNCORRELATED_SIMILAR_WEIGHTS,500,0.2
1d21134306f895e3933ddc0ca8940889032b6c863b810201c33a31d4ee2c9b52,112.63131849856067,10.0,112.50714437012935,100000,112.56184564362675,0.0,100,0,0.005120645028171,-0.0486202665649769,11251.0,21468,3328,P05_PROFIT_CEILING,25,0.1
999f9e0a7bacc95fc7b78fb5a6a202416b885e35b1c9b99b7b9db840e28e4fff,232.2169282654879,10.0,234.19837889393236,100000,234.3965343311413,0.0,100,0,0.0043123977705517,-0.0846100806268592,10976.0,5894,1901,P05_PROFIT_CEILING,25,0.1
dda4727b01dcad7c0e29c14c4f61c0a8c23dfe4bc83b959c57b29932f2bd56d9,300.9566867083967,10.0,306.1823947086493,100000,306.45769936393833,0.0,100,0,0.0032718287873676,-0.0899152466133705,5278.0,785,0,P05_PROFIT_CEILING,25,0.1
604d99de50e98f6ade088726ea4964734c250eb8dfb2254da3d56422628d33f4,520.5735598916084,10.0,522.0599689178691,100000,522.6067719747857,0.0,100,0,0.0031445591667571,-0.1047395106830363,8828.0,9721,3915,P05_PROFIT_CEILING,25,0.1
691ab0bae6eb62282d19b4954ec7154f1dee261160dd94b15b8fd356ac5d14e3,464.7722271921675,10.0,468.845725592857,100000,469.4830044679416,0.0,100,0,0.0031676954695129,-0.1359250688014132,10330.0,28293,6643,P05_PROFIT_CEILING,25,0.1
5079303ab032af1d60a235b825c7fcd858026637eb8a79587ce7c4b34f6c4064,661.4370441737321,10.0,661.2294365783682,100000,662.096238301117,0.0,100,0,0.002931302975161,-0.1310894032839991,11972.0,20437,6622,P05_PROFIT_CEILING,25,0.1
9a13e449a4a5b76642cf9d1d5414eb41925b9ccb23162c84667cf34a68c0dc67,822.4512923072126,10.0,819.3795950169887,100000,820.3130273187112,0.0001294824761229827,100,0,0.002811515291833,-0.1139193979687968,7128.0,665,0,P05_PROFIT_CEILING,25,0.1
daba8a67ac45217024c5db4bbc85aba23a9a6c44462c76956049329129eeea3d,1016.0004901594976,10.0,1004.4103967597504,100000,1006.0312546039336,0.0,100,0,0.0025092022857904,-0.1613740607835331,9614.0,3593,1192,P05_PROFIT_CEILING,25,0.1
836c7ea586eae18286bf980fbd15153784f729f94bbf34c645ce21b01361ec26,928.6541312738166,10.0,919.7246301635691,100000,920.8448612737568,0.0,100,0,0.0026702478048161,-0.1218007078910475,4688.0,736,0,P05_PROFIT_CEILING,25,0.1
933fe2e8421ccb8488939b8ed8193604238a5e19b592dbc65902e6a0d0f4fa29,1015.8717017981576,10.0,1010.3334895374217,100000,1011.4892235772128,0.0002024188925586862,100,0,0.002565092331171,-0.1143913422408836,5678.0,536,0,P05_PROFIT_CEILING,25,0.1
8055068ae21725d7c8ddc4e71da3b86cce4d756bebdcc63b9864f56d870f1b61,112.63131849856067,10.0,103.65969141081152,100000,103.85048359529448,0.0,100,0,0.0100648904855086,-0.1840562921674622,11393.0,3115,736,P05_PROFIT_CEILING,25,0.2
0695b73cb1a24fa4b677f3716c5b6c7702f4cb056ae68e189263d44620c8e7bc,232.2169282654879,10.0,219.9571899277443,100000,220.2079101610593,0.0,100,0,0.0077462004578297,-0.1139859230777189,8252.0,946,13,P05_PROFIT_CEILING,25,0.2
5deabd9cf72aba0db4ec08dbc6afa157420387ec361085673b34554fc2084683,300.9566867083967,10.0,290.6899696676199,100000,291.21340623739525,0.0,100,0,0.0065193195561568,-0.1800669525590658,7794.0,1880,355,P05_PROFIT_CEILING,25,0.2
3c409cc68fda95fbf95f8a15d3fe646e8960d96465674d5fe32ba3f6b4eaca32,520.5735598916084,10.0,495.24578175142136,100000,496.3181857901319,0.0,100,0,0.0063235531604499,-0.21653976232125,10195.0,9760,3710,P05_PROFIT_CEILING,25,0.2
d5aa1d5e8354eb6d11591cbf6af732faf7f160d9f8b7768b87deafc8f36e239a,464.7722271921675,10.0,446.7189837492314,100000,447.97540135498934,0.0,100,0,0.0060109549424277,-0.2812545809477431,9044.0,5049,2180,P05_PROFIT_CEILING,25,0.2
5be739db61540a334b058ee871a0c5555fcb4b6f5851e5ee33d8c21a2b05bb28,661.4370441737321,10.0,629.8683872702791,100000,631.3769793132283,0.0,100,0,0.0058500912521801,-0.2395090900635819,9323.0,10788,2719,P05_PROFIT_CEILING,25,0.2
9d07702f330ad2f89205fc03568f1baa7ae903c14d9617873ba69521c9d4bcdb,822.4512923072126,10.0,782.3108134470194,100000,785.1125186251696,0.0,100,0,0.0054764127572998,-0.3581319764462057,11538.0,18641,8707,P05_PROFIT_CEILING,25,0.2
264bba22069e4ba4edbc519a5e944eec8e1f713e35c5c2a7f765bfd9a47bf359,1016.0004901594976,10.0,964.5926984198322,100000,967.3827757685724,0.0,100,0,0.0049802491415743,-0.2892492710457667,8992.0,4548,2472,P05_PROFIT_CEILING,25,0.2
39a5f0d9c0b6153368c7ca14fb1e195e1145c54f60b6885a3e8d8805bedd4424,928.6541312738166,10.0,879.5647705261665,100000,882.4364255003081,0.0,100,0,0.0053793827704695,-0.3264859019334938,6563.0,3496,428,P05_PROFIT_CEILING,25,0.2
c90d1dc5d79ac27ce6fba22d30c5eef1bbf69118c5d603521c8894286fea21ee,1015.8717017981576,10.0,969.91717731497,100000,972.679655845762,0.0,100,0,0.0051396055647103,-0.2848159198952962,4004.0,615,0,P05_PROFIT_CEILING,25,0.2
f553b420d571396fe4f98a942b93833a096aa955cdc2a2572f8701a1167169fa,228.73978263130465,10.0,239.29857016016663,100000,239.54179582765417,0.0,100,0,0.0033291579354572,-0.101641086833358,12846.0,33942,10226,P05_PROFIT_CEILING,50,0.1
445ac742e91740ddfe05d8567b6b86188ed3aa7f92ad3059cee2b0e174cdf738,460.92457108473536,10.0,479.7633708005085,100000,480.48499908881854,0.0003550735281489193,100,0,0.0025941210537986,-0.1504133771417325,8894.0,4386,776,P05_PROFIT_CEILING,50,0.1
878116ef56be80b7d154920dd2585e10fa30e70b81e92e4fd06bcf752c91352b,609.5818584021666,10.0,632.254344172648,100000,633.2770860170226,0.0,100,0,0.002374691759721,-0.1617611415091159,13918.0,13364,9780,P05_PROFIT_CEILING,50,0.1
878612c8a6a5af0f67e2669d5c7b422c74e542d0faeb065ad84cc481bf74f1b7,977.9724121124416,10.0,991.8161251097888,100000,993.5093054643396,0.0,100,0,0.002281008877657,-0.1707151468588257,13497.0,7947,3540,P05_PROFIT_CEILING,50,0.1
f1485352bca47de98bac9de87d63bc7d218951ed159f7109fb652039144db6c2,1023.8548127178656,10.0,1043.055813680943,100000,1044.7624176176212,0.0,100,0,0.0020789142300404,-0.1636157829997243,15395.0,13195,6729,P05_PROFIT_CEILING,50,0.1
29c59c3a2ad9bd6de4c1d4ca4d72efb59e335ade1a24479928781a4d673c87dc,1346.5607762953744,10.0,1358.303958321035,100000,1360.977770099384,0.0,100,0,0.002078520281103,-0.19684929591563,17311.0,13723,7076,P05_PROFIT_CEILING,50,0.1
16d53db6b1cd789df472af463f940bda86d94ba1da2997c7f34cbb8c69ef01b7,1766.9762911901714,10.0,1766.8948344862274,100000,1770.2935247523528,0.0,100,0,0.0020141678968605,-0.1923538515020717,12523.0,14237,7507,P05_PROFIT_CEILING,50,0.1
998f32809689e34068b5d0057e9dd3112cb0a0501a85d14bbd9034573995c3f4,2013.6144227007449,10.0,2008.380110638589,100000,2012.419967036156,0.0,100,0,0.0019186670914571,-0.2011499902915447,17617.0,23602,6914,P05_PROFIT_CEILING,50,0.1
2be29fa8d6d139eac3d8e257b8224bec52c121e4cc818db24fdf9a65ea8d9d13,2142.711768175847,10.0,2150.4995962762564,100000,2154.2402242081475,0.0,100,0,0.0017683331352572,-0.1739422754772102,10939.0,13229,4798,P05_PROFIT_CEILING,50,0.1
52acdf124600b936430d731fe1f7396edbf5f94140e0af9f175ef2e16e0716cd,2239.2691530206375,10.0,2245.367971943376,100000,2250.0601644910785,1.6575389468994036e-05,100,0,0.0017885189219116,-0.2089720975062085,10578.0,2368,471,P05_PROFIT_CEILING,50,0.1
58d52026edf4aa87f591cc188a0eedf8c1a0b0020316055f8601d891c3b29ef1,228.73978263130465,10.0,225.81807782010057,100000,226.1930724015807,0.0,100,0,0.0065272953438062,-0.1660604789041328,9989.0,7328,2731,P05_PROFIT_CEILING,50,0.2
333cf57d6d72a135428432f8f947a97013d668d7c98d08feffcd5d8df3e0f69c,460.92457108473536,10.0,460.0317563805778,100000,461.19319800269074,0.0002851093302606896,100,0,0.0050860374099876,-0.2524698797428427,7779.0,4864,1607,P05_PROFIT_CEILING,50,0.2
34beca9399b458b0932dc35f50d301df90a3fe5a39594ef01826d08ac61d5ffd,609.5818584021666,10.0,608.0319468100873,100000,609.6929868816983,0.0,100,0,0.004685769594842,-0.2731830260441503,10870.0,9969,3245,P05_PROFIT_CEILING,50,0.2
fa17a80524efdd352798e926dff201e8e6927a657cf3a31b15c80a9eb8ab6ee3,977.9724121124416,10.0,953.718615183699,100000,956.9687942479064,0.0,100,0,0.0046574385616636,-0.3407901463243913,17216.0,28180,7100,P05_PROFIT_CEILING,50,0.2
fc47bf25bba48b47a55cf96ebeb64e4c89e0a57762330adfb677f7a1bc98a22b,1023.8548127178656,10.0,1006.4398667405512,100000,1010.3481441534252,0.0,100,0,0.0042275896672864,-0.3883269673657891,16189.0,18814,6851,P05_PROFIT_CEILING,50,0.2
6a63010a9be5b0739470bdb07561afac62bfb1a02591bf50e3766e61ec7d1b21,1346.5607762953744,10.0,1310.6388863949485,100000,1315.5609180344711,0.0,100,0,0.004112903674849,-0.3755444532140679,13835.0,20170,10336,P05_PROFIT_CEILING,50,0.2
667f5cc2e3ec345241ccf1644f36835ccab39125b2dead93b3705445b46fb03e,1766.9762911901714,10.0,1708.0920572072534,100000,1713.889664438499,0.0,100,0,0.0040509469268248,-0.3394200685368642,10485.0,994,78,P05_PROFIT_CEILING,50,0.2
a7d41078fa288f86021d0c280b0425786a9bb01cd90ee193ba774872efc2484b,2013.6144227007449,10.0,1943.3045235151988,100000,1950.146984142904,0.0,100,0,0.0039199653239938,-0.352104394597311,17254.0,12740,4970,P05_PROFIT_CEILING,50,0.2
baf5e475236cb491f90b0723535993c8c9b0ea963ab6625d97cad3b0246cfc88,2142.711768175847,10.0,2084.9246597689817,100000,2092.8228083536414,0.0,100,0,0.0036053474079745,-0.3788217740939829,14116.0,19843,5089,P05_PROFIT_CEILING,50,0.2
3efec68949aac6c9c42b4ab9358e4d32752cccc5e0f51da998cc6c13ef1beef3,2239.2691530206375,10.0,2176.885459165432,100000,2186.6583501927153,0.0,100,0,0.0035992000461381,-0.4489391477229948,8397.0,1685,333,P05_PROFIT_CEILING,50,0.2
b7470a6ea9b99407bf24a0196bd3a47dd8751c6d37c8d9a988e7dd4435fc6118,459.20206817367233,10.0,492.5913768674796,100000,493.32385288236947,0.0,100,0,0.0021628641054546,-0.1486985053510031,14892.0,16838,7941,P05_PROFIT_CEILING,100,0.1
1e7511735848d49a0e8f3f575a9b85c5466825796965847accd754383fe87254,895.3741116576653,10.0,940.312526172542,100000,941.710136388562,0.000163751406129571,100,0,0.0019879208170655,-0.1486325213287152,15872.0,22791,8615,P05_PROFIT_CEILING,100,0.1
f237f483f3d48a76943673af09e9b56c7727561d4c802494bd29d051675008fb,1287.5932757784065,10.0,1332.8989594891066,100000,1335.5282779992774,0.0,100,0,0.0017880062775777,-0.1972631527282936,10924.0,24495,5051,P05_PROFIT_CEILING,100,0.1
bd1330e4a4b5c35f7a294f85a1393e755a47ce108301429047881af3775fff3c,2016.507949173328,10.0,2046.192374176968,100000,2050.154033917298,0.0,100,0,0.0016805565685606,-0.1936113041142263,19469.0,13776,5266,P05_PROFIT_CEILING,100,0.1
306b5efb0c6cc588006ae95ab517a0d7d945eb122147d0371a7d4c58d40d21a1,2310.0300032746777,10.0,2362.353607310545,100000,2367.834102674316,0.0,100,0,0.001518851891404,-0.2319930152205363,16506.0,9405,3556,P05_PROFIT_CEILING,100,0.1
16239901cc0fda508bf79d0c25abf7957d5e6f31a84cf7c64f6eac2965730ef0,2553.2380459518736,10.0,2601.4466775483347,100000,2606.9865147570868,0.0,100,0,0.0014932835557194,-0.2129521722110755,10825.0,22104,4034,P05_PROFIT_CEILING,100,0.1
efea1f30c66d67e55b6dee5084d7d0cd1a62d03f7947f72ebaf4f29a1ac0fa4b,2984.456287815955,10.0,3039.9484590859524,100000,3047.056098130585,0.0,100,0,0.001428678180942,-0.2338078799786458,16900.0,12935,6880,P05_PROFIT_CEILING,100,0.1
71faa65f2f4b924b5dd5f8b8c8b5d9edbf26a4934e3fea2017013c2041774238,3699.868077911483,10.0,3758.8894446870686,100000,3768.763982728905,0.0,100,0,0.001352680275235,-0.2626982832866583,17705.0,18222,7175,P05_PROFIT_CEILING,100,0.1
c0a5815f38bb3c9ada04fe797dd0cb30faaee9c1532d013d49892bf65485592e,3940.310054081861,10.0,3985.3890952018646,100000,3995.109148436749,0.0,100,0,0.0012928597289235,-0.2438922023093446,16709.0,13347,7097,P05_PROFIT_CEILING,100,0.1
1cb4df8bc57ffd04c55bea3cc9239a93cbf6d132517bee0985c1a3366ca0d70f,4727.724657135846,10.0,4748.54741756227,100000,4761.302518934184,0.0,100,0,0.0012575158756141,-0.2686105928886765,18425.0,18795,6619,P05_PROFIT_CEILING,100,0.1
0195051c4ca840bb9f6ea0f8b50ffd72bf5beb0dbba5a3c283c03ff50e6034b5,459.20206817367233,10.0,474.0743277145072,100000,475.5922130392146,0.0,100,0,0.0043962192317165,-0.3201787643775273,10155.0,12660,4236,P05_PROFIT_CEILING,100,0.2
52b0847a8749a27134ceb926db773b951044f553e580586b0c155cd41bb64682,895.3741116576653,10.0,909.4310387103154,100000,912.3150724858252,0.0,100,0,0.0038097349142897,-0.3171250653155192,18870.0,16561,7220,P05_PROFIT_CEILING,100,0.2
f08f751444d925f5be2a8a6509c67fd4dd336d8e875ebef8f0f0d5df23b0d122,1287.5932757784065,10.0,1292.4528783599671,100000,1297.281452716971,0.0,100,0,0.0035487308527158,-0.3735977100481195,15401.0,23892,10093,P05_PROFIT_CEILING,100,0.2
f73a1ba073865c6a9a99d7a198d33d4676a47a9f6f22c0a3caaf97ac15d63f0c,2016.507949173328,10.0,1987.3082382209072,100000,1995.497557930286,0.0,100,0,0.0032430087699714,-0.4120810024271803,12564.0,4401,1698,P05_PROFIT_CEILING,100,0.2
8757d5e7472879ba0e1bf834e1fcbc6c78e6f6cb063a61bfe4dab14a97593c03,2310.0300032746777,10.0,2300.292852389937,100000,2310.2750885937426,8.001615188795028e-05,100,0,0.0029988130211628,-0.4339550154857247,14046.0,10423,7260,P05_PROFIT_CEILING,100,0.2
3352d016ce8874c23ef7ca68088e9b922dd012023188141fe1da9ce9fdbd800e,2553.2380459518736,10.0,2532.9495258703296,100000,2544.2798839268603,0.0,100,0,0.0030088170091608,-0.447318746023475,14978.0,10502,7850,P05_PROFIT_CEILING,100,0.2
ceeb0f0888c68aa7e558d2bbe50fde59df54d51d87ed78615c96b26dc5fae407,2984.456287815955,10.0,2963.2988044739946,100000,2977.6048357076343,0.0,100,0,0.0028670307750211,-0.4827738334062174,9516.0,9400,6280,P05_PROFIT_CEILING,100,0.2
1444f6152df8b0c1c95fc4695c383055b4a7b1b0908145e57a7c9ae1be58b704,3699.868077911483,10.0,3670.442256965947,100000,3687.252783185872,8.32732578392368e-05,100,0,0.0026672507858459,-0.4579972941413606,15038.0,12992,7366,P05_PROFIT_CEILING,100,0.2
754be115ff11ee044f3425d51ae2d24f4b75744155a48725fc9aec6d9e077692,3940.310054081861,10.0,3893.550095177368,100000,3912.7557768644374,0.0,100,0,0.0025907940950542,-0.4932691558497746,17062.0,10033,6952,P05_PROFIT_CEILING,100,0.2
37a062a3f417a773a9ff88771d6e4189d9ea0689e119ce3859bbd2595af3a0e5,4727.724657135846,10.0,4642.999792503818,100000,4664.769733929359,9.202902911329735e-05,100,0,0.0025370188139644,-0.468876640069833,7539.0,893,0,P05_PROFIT_CEILING,100,0.2
77e56dfbe09e203fd64ef15aedd6dc74c9df9c925ad99e11da585153c10c6a2b,906.8891240025048,10.0,987.3812352654388,100000,989.316257589663,0.0,100,0,0.0015736769517298,-0.1959751973313628,10202.0,11093,3222,P05_PROFIT_CEILING,200,0.1
6a00fa4a7a0c1205d74d2b0cc955296f64fc53297952a97c192480fd45b884b4,1866.6494917722684,10.0,1952.0598610506156,100000,1956.2865364417496,0.0,100,0,0.0013975115669022,-0.2165238615612399,15980.0,14456,4959,P05_PROFIT_CEILING,200,0.1
366dc76efa110e47918ccad370a133f2f39c29e5a4679189041758bc995f120b,2662.6370249407432,10.0,2772.408245000192,100000,2778.8654021960274,0.00011221402972884912,100,0,0.0012558575128022,-0.2329078773835113,17144.0,6879,3667,P05_PROFIT_CEILING,200,0.1
05f9371be064f0cf0b8d894683d151d53b502b12b75f270f0872f07e78dae508,3555.3376319934305,10.0,3688.8096343829425,100000,3698.229410877165,4.420949090496699e-05,100,0,0.0011590538564099,-0.255360873231889,16895.0,9674,5451,P05_PROFIT_CEILING,200,0.1
19b7d118e9654ffea9ed3b81365e24115691b55098f0bbf9a91cd5b1b59b84fb,4552.923469724513,10.0,4668.927394418546,100000,4682.53607082339,0.0,100,0,0.0011029154938532,-0.2914732925834864,13164.0,18391,4895,P05_PROFIT_CEILING,200,0.1
86cecf7eacaac6762c53fae01891ffa7e21efe70bd125a9da1fc16daa00e069a,5562.502477494993,10.0,5699.803332990827,100000,5717.295583796986,0.0,100,0,0.0010535100186189,-0.3068921817865679,15752.0,16842,7365,P05_PROFIT_CEILING,200,0.1
7366a97a64d8ed95e31759e7cb37cdb7aaace51bffdc591d6fe4804a70a88e1a,6654.450569950063,10.0,6786.86665338471,100000,6806.708604203363,5.608108273919479e-05,100,0,0.001005313841684,-0.292358047269987,16160.0,6937,4068,P05_PROFIT_CEILING,200,0.1
5d992c35f5c005efec2996fa0de65b55758d39440645d3581439e05c6f624dc2,7497.493185672411,10.0,7634.991769436076,100000,7661.127199458326,0.0,100,0,0.0009635865899296984,-0.3423111748053727,13047.0,9514,7077,P05_PROFIT_CEILING,200,0.1
70f3837dc85206c0c47a891b6bcd57ec9bff2174cf897253df37e82ece42ade7,7767.71833612062,10.0,7906.1061713013005,100000,7931.076072971507,0.0,100,0,0.0009371781802819868,-0.3158305887776387,11015.0,4765,3038,P05_PROFIT_CEILING,200,0.1
85c698bd6587e13831b0daff6afea6a707df1d35631f18eedef6207736c9aaa0,9128.816655982044,10.0,9265.168222253204,100000,9295.655784271255,0.0,100,0,0.00088639373035738,-0.3290556769905857,15824.0,7057,4661,P05_PROFIT_CEILING,200,0.1
69db7b5e1aef9b29846d7ad8d5c345007d1dcc5bb32bc808d0595701f6bb1fbd,906.8891240025048,10.0,959.7061821632358,100000,963.65130432003,0.00012965690893911258,100,0,0.0031116924929169,-0.4110760386998428,17905.0,20161,7185,P05_PROFIT_CEILING,200,0.2
e47bb6f61d3120f18feba3f4b4bb9b28594774324c4ea1d9961c24f7252fa11b,1866.6494917722684,10.0,1903.295708128557,100000,1911.8914550000236,0.00014589522993804828,100,0,0.0027862079612739,-0.4516243500553331,14771.0,9482,4151,P05_PROFIT_CEILING,200,0.2
86f75d90329a899e3f53c56db285e4c14945c29ebfa0f99925b1682a5ac14fa2,2662.6370249407432,10.0,2709.826464572233,100000,2722.898727671735,6.669749158210444e-05,100,0,0.0024588974385923,-0.482402222814127,17872.0,9663,5507,P05_PROFIT_CEILING,200,0.2
04f6baea3a5b2ca197d7063726e85fc9d9cd4602536cf15dac4e30ae1f186e85,3555.3376319934305,10.0,3609.783793656113,100000,3629.264779790321,7.064475151498697e-05,100,0,0.0022983705630258,-0.5396718265632409,17529.0,17714,8385,P05_PROFIT_CEILING,200,0.2
171b6c0536a9ab454bc9becba2f6582d7cc286228e48a191e8c145eb24edf2c8,4552.923469724513,10.0,4572.722906751333,100000,4598.686470411641,3.020919056034221e-05,100,0,0.0021821411053401,-0.5677921927430681,21273.0,14206,7203,P05_PROFIT_CEILING,200,0.2
cf63a586b6898da0d85a782722357bbd9534e8ec6b12cb57e29785d990290b82,5562.502477494993,10.0,5585.2289337876255,100000,5619.1893181105515,5.335976166789483e-05,100,0,0.0020903980810118,-0.6080392536371079,22521.0,11827,5250,P05_PROFIT_CEILING,200,0.2
30eefcf508eabca3a67a20677de8638dc06b017e2047f01960244011900cfbe7,6654.450569950063,10.0,6656.153366569311,100000,6696.942626579968,5.042230483667943e-05,100,0,0.0019931482386585,-0.6128052910487617,20359.0,5891,3383,P05_PROFIT_CEILING,200,0.2
934db308a2a3590e167d860b18807c2e118d963e83ade0fbfd400e91063f60f0,7497.493185672411,10.0,7494.971969744852,100000,7541.348526810369,4.623756598165664e-05,100,0,0.001935958627334,-0.6187689193865743,21812.0,10644,7039,P05_PROFIT_CEILING,200,0.2
7b195223459fff0d80cd4456ce7bbaf423e14be6fb5bf0b1483508c93bcc627e,7767.71833612062,10.0,7761.557309066983,100000,7810.983583912705,4.333988151513696e-05,100,0,0.0018855985603351,-0.6368087340923564,21280.0,9166,3437,P05_PROFIT_CEILING,200,0.2
86a2fdf44a33f48a0f4a814b59a9853695e0e2bc9881aec3a7a58f79f5f89e7c,9128.816655982044,10.0,9100.06718113135,100000,9162.85099640205,0.0,100,0,0.0017924803409755,-0.6899269425272021,14597.0,7337,5345,P05_PROFIT_CEILING,200,0.2
a0fce4dc619d9c6464787bc60a95fa40b850d360f80184b77d35b9124c2568ea,2302.219870543575,10.0,2507.2811396016295,100000,2514.125813437407,4.746813779122959e-05,100,0,0.0010292739070534,-0.2729918766455126,17739.0,26563,6778,P05_PROFIT_CEILING,500,0.1
3a70ef9a6e2a44d2eaf4cecec1c24aee89b6bdc896157a9adb3480e21a06dac1,4449.917552537145,10.0,4727.500775344184,100000,4742.583191625228,8.501835610978469e-05,100,0,0.0008695838051756698,-0.3190357230548733,14005.0,6004,3611,P05_PROFIT_CEILING,500,0.1
1504595f35077014830e16a656511a182e9ac398082ef9a38db672fcc35d80be,6942.10219092599,10.0,7264.327329606302,100000,7289.949363081503,2.4702052602075492e-05,100,0,0.0008129995658249879,-0.3527103379658712,16788.0,5636,3840,P05_PROFIT_CEILING,500,0.1
79ee95002c7dfcb32aacebde336262ea5b162c1bc8383ebe0d89155f0120ec8e,9107.33442898436,10.0,9484.046371440914,100000,9521.647590902172,0.0,100,0,0.0007469736325323903,-0.396468110641944,13592.0,7422,5280,P05_PROFIT_CEILING,500,0.1
25786c0cbb40cd50e0275d5adc41d6fe1ef7ef9b6160dc96864370f8722bf61d,11472.83842655871,10.0,11840.437411427703,100000,11888.991707362977,-6.638594832495803e-07,100,0,0.0007149530282378023,-0.4100718094114472,19311.0,7462,4043,P05_PROFIT_CEILING,500,0.1
916c93366bb02f9f681d4c1daf8b357ab933a6928dc7e20903739486db56f326,13175.79831058804,10.0,13591.415575226962,100000,13648.85175642412,0.00010516708769768664,100,0,0.0006723299629785119,-0.4225916048203716,18793.0,6484,4447,P05_PROFIT_CEILING,500,0.1
6ec409c2550c94ff120787dadf68048b8ca5b0ffbdca1cfaea2e6dd03c423c29,15733.584105032358,10.0,16188.368683213172,100000,16259.03595519999,7.226810482067298e-06,100,0,0.0006431331449744724,-0.4365311500478506,15253.0,9752,5622,P05_PROFIT_CEILING,500,0.1
bb414581828548b3669babfe55c8feebce4b425d8aa38d7374b0f2480a843a3d,18599.932616815942,10.0,19020.758841709427,100000,19110.22483332709,1.2396776994453828e-05,100,0,0.0006099356500259632,-0.4703597388632041,17258.0,8601,6198,P05_PROFIT_CEILING,500,0.1
8c6076b65ae7a01bee36930c6ebff661b9b548fcd4f3200f4a128f7e7e0f25a8,21055.96520345058,10.0,21440.782218442797,100000,21543.13150447667,-1.4435571574713596e-06,100,0,0.0005835541810421968,-0.4773579853156629,20811.0,9243,6469,P05_PROFIT_CEILING,500,0.1
345e64e43a1c6cd7af20ee0b4c58c81f07e8aee0c22f787c8ad568398bb581ee,22494.742941357956,10.0,22881.914779096907,100000,23001.65514506752,0.0,100,0,0.0005603702120050814,-0.5232969667380976,5978.0,789,0,P05_PROFIT_CEILING,500,0.1
c87b10e9e506b3e056f94e5ce3bb840da87f10f1e36daeb7c8be91b3a21923ce,2302.219870543575,10.0,2457.4271214654896,100000,2471.7376043726535,8.379790398393034e-05,100,0,0.0020307402204578,-0.582336004277104,19951.0,8731,6820,P05_PROFIT_CEILING,500,0.2
2255cd2f0464df4b78c8df881756582bbc2e2f07f8763977340e104dd7ba2a2e,4449.917552537145,10.0,4644.778824500738,100000,4674.957787420635,5.189503734975e-05,100,0,0.0017134746827418,-0.6497395045100207,20828.0,6085,3723,P05_PROFIT_CEILING,500,0.2
59fabed0c99b947b858dcdf14d863e381c5bf6e22d1344a05d7b274db56206f5,6942.10219092599,10.0,7141.80164012852,100000,7193.256330762999,3.121892657951438e-05,100,0,0.001606131179811,-0.7204721333250664,22857.0,10781,5214,P05_PROFIT_CEILING,500,0.2
27297be8d48072296c4db6227b442c6cc51daeea6823a6b6da9dfb8165ddaf66,9107.33442898436,10.0,9333.72489535648,100000,9406.222483111858,1.073958475743724e-05,100,0,0.0014851820229649,-0.7767272827105125,23234.0,9617,3505,P05_PROFIT_CEILING,500,0.2
0dfdeb21b6f2a6839668ea3bdc845f1936fa8060a8d8668486cc660e6af30e51,11472.83842655871,10.0,11654.715001749775,100000,11750.377585084025,1.958272693251928e-05,100,0,0.0014244114565281,-0.8208058568561077,22472.0,6234,4194,P05_PROFIT_CEILING,500,0.2
c5b7920f70976a555ffff8498c8af391c9d2bb6af2039f15a9f543579309a9e7,13175.79831058804,10.0,13383.78855497239,100000,13499.62448965358,0.0,100,0,0.0013435927056297,-0.8654943568886013,24671.0,9493,5213,P05_PROFIT_CEILING,500,0.2
f98ad54e38a941615ff898f2d5eb957e45182ed4fe4588206b564ab8186afa14,15733.584105032358,10.0,15946.65319849928,100000,16088.43861258139,3.315185123151445e-06,100,0,0.0012979760616751,-0.88912333087832,22170.0,5907,4165,P05_PROFIT_CEILING,500,0.2
93730fd30dc453dee9ff052e5ee7de7de7b493f0090502ebd8b3cf9354482eb0,18599.932616815942,10.0,18741.41038484004,100000,18921.052061848703,1.761341611871984e-05,100,0,0.0012235244758251,-0.9585280580269336,17248.0,9759,5826,P05_PROFIT_CEILING,500,0.2
0d267f5bc025999a223db856580c699c375d9da06133f587147fadc90e51dd56,21055.96520345058,10.0,21133.138176787015,100000,21339.513583230975,1.451321243316114e-05,100,0,0.0011725231346896,-0.976548796101878,21679.0,7601,4021,P05_PROFIT_CEILING,500,0.2
83693db0b737a15cedf5f1c01eaf7335b2c0f9c7c08f704aa3687b6f70a9f2a2,22494.742941357956,10.0,22557.75164892461,100000,22792.910105140312,0.0,100,0,0.0011297230625734,-1.0424729373546011,11912.0,135,0,P05_PROFIT_CEILING,500,0.2
a2245035ec3c8feea8cc7c4e6e89b246f1caae7e44d3ee688181f571e981dc52,112.63131849856067,10.0,320.97518364588024,100000,321.1087163459074,0.0,100,0,0.0015739026206711,-0.0416021882160466,5345.0,784,0,P05_CIRCLE_INSTANCES,25,0.1
85b78982600aa809a6e46bb93422fd017ca69721e4c9dc362ab13c287b78061c,232.2169282654879,10.0,545.8562624723412,100000,546.0607542275288,0.0,100,0,0.0016247866000975,-0.0374625646431956,6489.0,2985,433,P05_CIRCLE_INSTANCES,25,0.1
6a9067a332565a88f6fa28cccfe65de1a33f09bbdf12aa34de2ce00d576ffc12,300.9566867083967,10.0,795.361063760594,100000,796.0930718131019,0.0,100,0,0.0012058271522088,-0.0920346853599887,5816.0,3520,343,P05_CIRCLE_INSTANCES,25,0.1
a5653883170194ce9408edcc87e1cb00f64e9c3a458409874640eba471b8a0f9,520.5735598916084,10.0,1005.582556613258,100000,1005.7886644051842,0.00010814062425969331,100,0,0.0016113663169292,-0.0204963571186425,4737.0,335,0,P05_CIRCLE_INSTANCES,25,0.1
b4fc5acb7490b73c727eb7c7e30424d3db6966ea62246ef7a2204dbb7d4e6701,464.7722271921675,10.0,1061.1928559562866,100000,1061.389443951,0.0,100,0,0.0012665795151233,-0.0185251901772558,5014.0,396,0,P05_CIRCLE_INSTANCES,25,0.1
78be124511d1aac8d0acef094a5227820c4fe97c650f47ad80f2997970c860c2,661.4370441737321,10.0,1254.0196820363412,100000,1254.880739846972,0.0,100,0,0.0015225107376778,-0.0686638194731244,8522.0,1052,0,P05_CIRCLE_INSTANCES,25,0.1
1cc1c56f0755f399ffbb8235ba9d461d577d3ec75b9d1268c1c5415cb1d4ffdc,822.4512923072126,10.0,1443.6041585502217,100000,1444.536726364226,0.0,100,0,0.0015269698323312,-0.0645999672750299,8418.0,2579,379,P05_CIRCLE_INSTANCES,25,0.1
20f34d78fd6e42cb4cc50df753e1f796f05a71794a14e64096e77420a0edb6f6,1016.0004901594976,10.0,1702.9003036570057,100000,1704.4190209832154,0.0,100,0,0.0014613707212951,-0.0891841596920565,7482.0,1517,162,P05_CIRCLE_INSTANCES,25,0.1
cad2f68a554b6925d0cfd3258b4a52ffd0e159f16bb3003e6b40f062017bf9a0,928.6541312738166,10.0,1623.6378518569836,100000,1625.0413169869062,0.0,100,0,0.0015003568867297,-0.0864395424335164,6429.0,1352,159,P05_CIRCLE_INSTANCES,25,0.1
4a0d70833188465d71f4910ff8712fd624f3f4dde9cf9d18e250c3949053fc50,1015.8717017981576,10.0,1761.0633560255549,100000,1762.7354354855615,0.0,100,0,0.0014547308597946,-0.0949471496460123,4311.0,484,0,P05_CIRCLE_INSTANCES,25,0.1
938101dd0d788c24169f8e97c482cc82eb2026f2e4414152b1fa39a7216f6035,112.63131849856067,10.0,303.819960004029,100000,304.11505113454757,0.0,100,0,0.0033255472431005,-0.0971269729989669,5473.0,3455,374,P05_CIRCLE_INSTANCES,25,0.2
1d5784462496901348c807d066bf3cebde0ae44286232244d41c1944f8a8604a,232.2169282654879,10.0,529.6381793765,100000,530.1311664113545,0.0,100,0,0.0032281379017105,-0.0930799655407728,6491.0,158,0,P05_CIRCLE_INSTANCES,25,0.2
2d595ad36533a74033d915460ae6bb303e1edb998dbb61126459b7d4d5379080,300.9566867083967,10.0,760.0560586822979,100000,760.6918955988876,0.0,100,0,0.0024574993826612,-0.0836565815542678,4867.0,86,0,P05_CIRCLE_INSTANCES,25,0.2
010d83c15341bfdc422ff294ae0ef40073ca2f814dc08f40404964c09789c697,520.5735598916084,10.0,984.6845868200246,100000,985.7569908587352,0.0,100,0,0.0031804225132713,-0.108908380720546,4201.0,761,0,P05_CIRCLE_INSTANCES,25,0.2
4313f3e9b079fbcc3d48d27c49d5ce56bcb4eaf7425aa2efde5d51969d97ed89,464.7722271921675,10.0,1038.8576649686472,100000,1040.3485558734235,0.0,100,0,0.0025876212770459,-0.1435125287179261,3934.0,426,0,P05_CIRCLE_INSTANCES,25,0.2
687f32d98e94fc885876cacf43bfaa700c8e9c8136bbf336960e3482af0785dc,661.4370441737321,10.0,1232.675801672833,100000,1233.5358792425984,0.0,100,0,0.0029017747275555,-0.0697732176293674,7196.0,1974,128,P05_CIRCLE_INSTANCES,25,0.2
45205de5c9b5da86ee7be8461f710fba1afc4dd79861668eca78198b70a53072,822.4512923072126,10.0,1415.6097250943108,100000,1418.411430272461,0.0,100,0,0.0030264393094992,-0.1979150841142786,6189.0,1481,74,P05_CIRCLE_INSTANCES,25,0.2
a56dc2d6d8ea5c7d252b06e362f4a796bf0544a746e743ff0963c21616425083,1016.0004901594976,10.0,1673.7286848470249,100000,1676.5187621957648,0.0,100,0,0.0028701855932601,-0.1666983050478667,4238.0,791,0,P05_CIRCLE_INSTANCES,25,0.2
8c7fa86603df0f94efd47da71ab857427a2026498af0e0377777e6319f265629,928.6541312738166,10.0,1599.81777634844,100000,1601.7666495003382,0.0,100,0,0.0028999245960458,-0.1218184458699067,3728.0,745,0,P05_CIRCLE_INSTANCES,25,0.2
b75d5dc0efe181de84ae865bf57135394e7d20caee25bcb4258c8610bba1b97a,1015.8717017981576,10.0,1731.5836810595204,100000,1733.1260950294509,0.0,100,0,0.0027974284952873,-0.0890753353015402,4805.0,569,0,P05_CIRCLE_INSTANCES,25,0.2
b5dad00f9df2c2e2c7777cf2bf72dc289520f561ad062d49b7c59efe201146eb,228.73978263130465,10.0,646.617403156185,100000,646.8888990635522,0.0,100,0,0.0011424146793491,-0.0419871018073513,13589.0,23192,2810,P05_CIRCLE_INSTANCES,50,0.1
bd3d580b60f93e8b414552d5ced85ee15e045cc68da093856a2d446acdea4513,460.92457108473536,10.0,1223.9798157123666,100000,1224.822851025558,0.0,100,0,0.0009578728830831076,-0.0688765698885947,13283.0,26175,3437,P05_CIRCLE_INSTANCES,50,0.1
a2ef4c7c55062d2ffa6e34e2840b131dc54f779f03cc5472c6e840acb91c970f,609.5818584021666,10.0,1554.5160311072857,100000,1555.1926782417909,0.0,100,0,0.0009089280531943718,-0.0435278325192583,5260.0,361,0,P05_CIRCLE_INSTANCES,50,0.1
419ba55ef97cf7aeb5ddc5f0ee213e34a150951edeab2edba48ee3ade574e608,977.9724121124416,10.0,1932.8334230663763,100000,1935.575968962297,0.0,100,0,0.0011236693557105,-0.1418925119563498,11267.0,1604,111,P05_CIRCLE_INSTANCES,50,0.1
0ea3300e37fd5cecee7059d79be1ec076592abb7194644ef5dc963a0073ee34c,1023.8548127178656,10.0,2214.749750824846,100000,2217.1753676805006,0.0,100,0,0.0009490120089402968,-0.1095210352659954,10821.0,785,0,P05_CIRCLE_INSTANCES,50,0.1
6aaa40eec2ed544a0bae9aecd83b124372131f278074503e40a58f19e23d7c16,1346.5607762953744,10.0,2549.9159116565907,100000,2555.3375179412137,0.0,100,0,0.0010544615792598,-0.2126190224485026,19277.0,24388,10038,P05_CIRCLE_INSTANCES,50,0.1
92f5a97219a439151136e24eebe54123e31685efc2530a4d5fc80618cb923088,1766.9762911901714,10.0,2961.7429280211763,100000,2964.2040301741104,4.952534261545152e-05,100,0,0.0011713472682809,-0.0830964135897624,33831.0,93166,35024,P05_CIRCLE_INSTANCES,50,0.1
2e2c928a216f0da401908e8e171e8b9a9b9a6aa6843b1cb4616f55e5c954f88a,2013.6144227007449,10.0,3290.2091280519694,100000,3293.628530862627,0.0,100,0,0.0011581273153236,-0.1039266100596515,24023.0,174960,61765,P05_CIRCLE_INSTANCES,50,0.1
73de8beca579b1ccc032c9988e670f05205652fde906f6e6f86c46a85805856b,2142.711768175847,10.0,3597.236841705521,100000,3600.698338919015,0.0,100,0,0.0010507719825645,-0.0962265584896252,14939.0,20979,5586,P05_CIRCLE_INSTANCES,50,0.1
b61f4953b40047b671131cef2fe73d33d131c76596c2f5cb5f3e6d0d5bfc7544,2239.2691530206375,10.0,3746.121029639327,100000,3748.4209191544096,2.740312548912541e-05,100,0,0.0010367413722525,-0.0613938924259502,8601.0,1184,134,P05_CIRCLE_INSTANCES,50,0.1
0016c375bd33d3812ba07d382f5b3be56b6cff98099298a1270dcc9c90c7533f,228.73978263130465,10.0,630.5602792014066,100000,631.0989079978581,0.0,100,0,0.0022943687730873,-0.0854206670191192,10111.0,18681,3289,P05_CIRCLE_INSTANCES,50,0.2
975f3889c7bbcb570ae373b3e8bb97523a8fed85519b52d75f3a42b56d51bf92,460.92457108473536,10.0,1204.1134004165424,100000,1205.3202310168874,0.0,100,0,0.0018649453494903,-0.1002256598031004,8945.0,9577,1109,P05_CIRCLE_INSTANCES,50,0.2
04e8e11766f75df2de88081b060d0d875f3fb396f2a4945c9f9bdfffbd33c667,609.5818584021666,10.0,1520.090966076034,100000,1522.8513972826102,0.0,100,0,0.0018590245542723,-0.181596448382426,7516.0,771,28,P05_CIRCLE_INSTANCES,50,0.2
925da45dd85623494dcbf667787857a00d963b9803ac88e53a63bb0f3ea7d512,977.9724121124416,10.0,1866.2757113100693,100000,1868.9236322708705,0.0,100,0,0.0022820313018946,-0.1418826245636686,15621.0,48421,10776,P05_CIRCLE_INSTANCES,50,0.2
2b54289e17ecb9cd278276b33efceccbf98197057efb5c076bf84bcbe64de0fb,1023.8548127178656,10.0,2149.3011795274656,100000,2156.5666407424224,0.0,100,0,0.0019558208538759,-0.3380383021310259,9271.0,3849,1036,P05_CIRCLE_INSTANCES,50,0.2
4bd4338fc18cf2fe14c84f99ea93887b9035cda455d2243112257f961573f243,1346.5607762953744,10.0,2513.650029586657,100000,2517.4293893215645,1.2351750193825224e-05,100,0,0.0020722820952351,-0.1503534577376619,11780.0,16327,6054,P05_CIRCLE_INSTANCES,50,0.2
25cf329834dc2f407b10a92d4d9725cb969a4105628e43640b8cccba857b6d6a,1766.9762911901714,10.0,2918.412287810574,100000,2924.462790924255,0.0,100,0,0.0023179077189899,-0.2073217392536411,7623.0,813,5,P05_CIRCLE_INSTANCES,50,0.2
c4a21d1d41113fb10fb699cdcbb15a955ab5f43098ecc45a811ffb61e543f962,2013.6144227007449,10.0,3245.3715855147857,100000,3251.735478607959,0.0,100,0,0.0022881185656134,-0.1960913542713452,10915.0,7428,1160,P05_CIRCLE_INSTANCES,50,0.2
789e2e3b0ba80b7fdae85e52905b41328914967056672226be186a682faff802,2142.711768175847,10.0,3550.8716868868364,100000,3558.920659780131,0.0,100,0,0.0020801718685563,-0.2266759715091583,4505.0,571,0,P05_CIRCLE_INSTANCES,50,0.2
2897f18389be1f845e5ada9f868dad3ab0baf9756ff288dd9118ee12b839d023,2239.2691530206375,10.0,3665.3227461626066,100000,3679.616844124149,0.0,100,0,0.0021191902169204,-0.3899819729792543,6647.0,1455,110,P05_CIRCLE_INSTANCES,50,0.2
9857ce64de075f74925e4850bbdf1f3f38bb5d765bba4a44a635966fbcf868a2,459.20206817367233,10.0,1418.6419118035403,100000,1420.3398167124858,0.0,100,0,0.000705192582759354,-0.1196852352111114,6177.0,6206,1850,P05_CIRCLE_INSTANCES,100,0.1
c85819a6ef0f4ecd4f5b1268db06ac003f40bee7739f69bf6dac73c7dc442301,895.3741116576653,10.0,2298.654913953398,100000,2300.189929264411,0.0,100,0,0.0007375887060469845,-0.0667788497392581,18328.0,34130,6898,P05_CIRCLE_INSTANCES,100,0.1
4caaeaa6a717acb7ef0faace804b3366f289b9f85d91d40517e7c9e25e0de4c0,1287.5932757784065,10.0,3029.6658945034355,100000,3032.5361796624857,0.0,100,0,0.0007256142567809561,-0.0947393296487753,12055.0,34109,4987,P05_CIRCLE_INSTANCES,100,0.1
2d30861131d594f2312bc7e22e0eef9493c2c5600a4ee35ba70fbb9fec70ab93,2016.507949173328,10.0,4021.115811159442,100000,4030.819239824787,0.0,100,0,0.00080542213720766,-0.2413118428078246,20829.0,16170,6947,P05_CIRCLE_INSTANCES,100,0.1
d27413ce4160663d99646e7accc62935242b1c5967c4aeee2f4e31f89673c983,2310.0300032746777,10.0,4614.329195189105,100000,4620.46210472211,0.0,100,0,0.0007404967905736806,-0.1329100996825045,7545.0,4493,401,P05_CIRCLE_INSTANCES,100,0.1
d89ce688c88306011a4c663504601d5c3ba25516d4ab8ee53705a767b7892222,2553.2380459518736,10.0,5089.413311955444,100000,5103.043481864747,0.0,100,0,0.0007210926226563956,-0.2678141678390404,19439.0,28313,6753,P05_CIRCLE_INSTANCES,100,0.1
fa155d175c99aeb977123eb6b32408b5631c51792dfeabb3f9f283ff48d8ff7e,2984.456287815955,10.0,5685.538618775158,100000,5690.209474096686,2.302701380418969e-05,100,0,0.0007345292815031251,-0.0821532599585761,18846.0,23159,6769,P05_CIRCLE_INSTANCES,100,0.1
3c47483132a54b04f8d739283ed1f7117e9158fee1017fe768dcf431b3aef11c,3699.868077911483,10.0,6521.600529775177,100000,6541.047641154646,0.0,100,0,0.0007390698034827927,-0.2981953784301979,36023.0,54854,30277,P05_CIRCLE_INSTANCES,100,0.1
ee3976def37a61e32823450953c6c8dda91adde66803dbdf373761a96ce05215,3940.310054081861,10.0,6968.065743344288,100000,6976.685427062649,0.0,100,0,0.000717406719633846,-0.1237026749725193,6014.0,628,0,P05_CIRCLE_INSTANCES,100,0.1
46674c9cc6956faa0fd176c2bc51cf929c0981610de0eb2f8e2f56d85681a86c,4727.724657135846,10.0,7679.959803923746,100000,7687.370251392385,0.0,100,0,0.0007690882922158251,-0.0964907064338165,26236.0,126456,50916,P05_CIRCLE_INSTANCES,100,0.1
c0d68262155793386caad4415b824a5863658c46aba4468c637faee5ae107f0b,459.20206817367233,10.0,1391.9883129659058,100000,1393.7453718922109,0.0,100,0,0.0013919587355723,-0.1262265573596142,15460.0,31781,8192,P05_CIRCLE_INSTANCES,100,0.2
7e4a0639da40e4e6cc36a526786d999b4a0a98ef10ea71cb5eb5d3277b74be3f,895.3741116576653,10.0,2264.4085035937796,100000,2269.297570846225,0.0,100,0,0.0014798858601804,-0.2159092427309837,10230.0,2443,305,P05_CIRCLE_INSTANCES,100,0.2
864ba0c87bd5679c889f8c828c44a39162182337b622e6263b37b92fbd7dc6b9,1287.5932757784065,10.0,2967.076828622085,100000,2977.0489890980657,0.0,100,0,0.0014818413830732,-0.3360937735006936,19074.0,21497,9008,P05_CIRCLE_INSTANCES,100,0.2
995da97035074a914b2aa1eb798848ab3bb7bb61e6f9398e7d019e9f5996969d,2016.507949173328,10.0,3968.101107002352,100000,3976.311728541503,0.0,100,0,0.0015914933369043,-0.206915633391043,13332.0,12585,3871,P05_CIRCLE_INSTANCES,100,0.2
a3500ef441d6022d44e3be73a215a16f07707a255faf20c787fa09b66eb01daa,2310.0300032746777,10.0,4510.257488249347,100000,4530.896876755542,0.0,100,0,0.0015151666282505,-0.4576099825778572,37004.0,862113,418359,P05_CIRCLE_INSTANCES,100,0.2
3579591eb900decd659d5730cddcf05388f479fa847a72a690a9675ff1f89313,2553.2380459518736,10.0,5038.334314484871,100000,5051.362815905573,0.0,100,0,0.0014246141648022,-0.2585874737062594,9381.0,1096,0,P05_CIRCLE_INSTANCES,100,0.2
6bfa8e3cbef2fc2af0c46bc98a7e9c579b9b11adb6833da5fb05c70bc592e6c4,2984.456287815955,10.0,5593.104012200397,100000,5615.265518629515,0.0,100,0,0.0014859806587716,-0.3962291132218646,13928.0,19875,7268,P05_CIRCLE_INSTANCES,100,0.2
c393a09ae893961561bd25a0c5dd9a164706a5a676bad338ae311d7d13425e40,3699.868077911483,10.0,6448.081950161047,100000,6469.368411915748,0.0,100,0,0.0014703119384933,-0.3301208315779776,6940.0,747,0,P05_CIRCLE_INSTANCES,100,0.2
0e47eae60a96a0faa744e7fbca575f4e5bca5069ffdf87632b9794f16fbe003b,3940.310054081861,10.0,6854.347347619809,100000,6865.531226637715,0.0,100,0,0.0014314698055109,-0.1631647544355908,18099.0,50667,9965,P05_CIRCLE_INSTANCES,100,0.2
afac7f8461a7ad695930b1d2af4912489d797f9de6d009fb8b3fb6dcbba972c0,4727.724657135846,10.0,7559.52563773026,100000,7594.86989424898,0.0,100,0,0.0015561166425212,-0.4675459574118433,10249.0,3629,1739,P05_CIRCLE_INSTANCES,100,0.2
8279230cde4ed114f4feacc060d0a68f93ced45b4c119cd3449157e19eda8a68,906.8891240025048,10.0,2835.0841264709675,100000,2838.162864369972,0.0,100,0,0.0004981527661117572,-0.1085942343036125,9014.0,4580,625,P05_CIRCLE_INSTANCES,200,0.1
38f3ef27aa2e7f4a16e2b119a6be2ea05153f61dbcdb34afa53ae8c8493a82e5,1866.6494917722684,10.0,4730.4278431006505,100000,4738.770003404403,0.0,100,0,0.000530520822847223,-0.1763510739503057,13885.0,22023,6800,P05_CIRCLE_INSTANCES,200,0.1
dd17cc0c5ab48f05644e585cd576c1945b5015563041660891c8762048a78299,2662.6370249407432,10.0,6311.971111538057,100000,6318.038646654208,4.575830564686264e-05,100,0,0.0005012712011519887,-0.09612742214646,26941.0,16808,7195,P05_CIRCLE_INSTANCES,200,0.1
23fa97e2a9d8ad5ae5dfae7f32ea6c45fcb04be0b13a2d5661bf6a1a11904bda,3555.3376319934305,10.0,7825.374437585998,100000,7841.04857836361,-3.087545007133547e-05,100,0,0.0005059578392002627,-0.2002989237464247,11574.0,11520,4729,P05_CIRCLE_INSTANCES,200,0.1
10cdc4479a0f57bdb287e1ac968bc3f0b4b607e52c923bb4e2bf505ce38b0154,4552.923469724513,10.0,9269.453922276443,100000,9280.777173269344,0.0,100,0,0.0005160641044698555,-0.1221566134083687,51120.0,295654,218603,P05_CIRCLE_INSTANCES,200,0.1
49370b869073cfb90e4d55dd43d296b949b1302b9f989ee1540bd8b697a59bee,5562.502477494993,10.0,10530.813152727702,100000,10546.407844761994,0.0,100,0,0.0005377282375971382,-0.1480863045248582,18720.0,19142,6890,P05_CIRCLE_INSTANCES,200,0.1
6cef9d1a67422d94ef0e4cf96d11e18ce2b611555ca8ec4d7dd994d696e8ae16,6654.450569950063,10.0,11892.076634320114,100000,11915.740039229036,0.0,100,0,0.0005434096653098606,-0.1989846318399158,8516.0,1641,512,P05_CIRCLE_INSTANCES,200,0.1
a77ba2ebb926dcca258b4e0fc5be50d779e60dd49b6b8e7006e60960018080b7,7497.493185672411,10.0,13024.145567177304,100000,13064.30058437039,0.0,100,0,0.0005439318506463317,-0.3083121037458535,26089.0,25173,8509,P05_CIRCLE_INSTANCES,200,0.1
57f09f882fda162301ef977a740659c4ea556d19a60a71aac399f1305e0bdafe,7767.71833612062,10.0,13579.659981744317,100000,13629.142418851388,0.0,100,0,0.0005326374758996562,-0.3643864218514526,41775.0,62035,42321,P05_CIRCLE_INSTANCES,200,0.1
61ebe769caaabf582ee8599078b5e2c0dede0208da98eae08be87b51a2dccec0,9128.816655982044,10.0,15130.17085754418,100000,15181.65636562137,0.0,100,0,0.0005396289827460717,-0.3402837189476743,17543.0,20380,6915,P05_CIRCLE_INSTANCES,200,0.1
d33ff0d2f56b496b06e6c41180d321de57dfbd00d573a1ac8f70de6f158db746,906.8891240025048,10.0,2786.9627367154476,100000,2795.362541101608,0.0,100,0,0.0010135083103658,-0.3013963651361817,19380.0,31407,8624,P05_CIRCLE_INSTANCES,200,0.2
de7269e81a785dd541331f424ecfa7141c046c0125b200b2618e21525a38fb37,1866.6494917722684,10.0,4659.929678866327,100000,4668.5445304224695,0.0,100,0,0.001057005110404,-0.1848708489145799,29042.0,60318,25179,P05_CIRCLE_INSTANCES,200,0.2
a05f60593668cdaff7f12c12f5331ce4591a2df8d42bb16d5e32a521fb74bab0,2662.6370249407432,10.0,6232.536198941441,100000,6256.520379808272,0.0,100,0,0.00101182595791,-0.3848221671123908,14250.0,8161,2090,P05_CIRCLE_INSTANCES,200,0.2
f1fd52c32772f822b662ff405276dad87aaabe52c04a10ecb55de9ebabeebdc2,3555.3376319934305,10.0,7726.112521958183,100000,7748.688302382971,0.0,100,0,0.0010099986905736,-0.2922010307334598,14674.0,18161,5844,P05_CIRCLE_INSTANCES,200,0.2
1ef7446fd20d405845bf827e40d8789ce859ee45addf90ee445507a06cccd4a3,4552.923469724513,10.0,9154.825479960931,100000,9197.09274224314,0.0,100,0,0.0010401285754338,-0.4616938069953302,9887.0,5627,1677,P05_CIRCLE_INSTANCES,200,0.2
adc59d58d30f88eaeab9fddb6b555ff47e2446befec453a9c78f74ddcf63231c,5562.502477494993,10.0,10396.861325804475,100000,10425.430824943274,0.0,100,0,0.0010781907560222,-0.2747896527954167,23613.0,17061,7052,P05_CIRCLE_INSTANCES,200,0.2
f0f3f5a482e1d40039221bc080ab9b0a0ec1458d59e9e19610461535734b47ec,6654.450569950063,10.0,11742.49848155571,100000,11785.77822704206,0.0,100,0,0.0010907138964122,-0.3685735668122866,17245.0,19294,7854,P05_CIRCLE_INSTANCES,200,0.2
6b5dd461d185424d081535e487b31801fc577e9e946c07b5ea8a938939af94fc,7497.493185672411,10.0,12871.622661120728,100000,12933.811593176466,4.836864645373605e-05,100,0,0.0010914660649777,-0.483147569603502,8908.0,1984,245,P05_CIRCLE_INSTANCES,200,0.2
5dac5fb7530fea674de5e3dfb14c756531ba1523c72ec18427e4b85b7b9f4c08,7767.71833612062,10.0,13435.13643969572,100000,13507.34624322626,0.0,100,0,0.0010676221982446,-0.5374698191913139,10655.0,1803,412,P05_CIRCLE_INSTANCES,200,0.2
ae1fbb80d5dfcae1c3d37dae40848d8ef41923594e5890425d37609db8a70e2b,9128.816655982044,10.0,14959.743596055188,100000,15040.447550727946,0.0,100,0,0.0010828398445512,-0.5394741838626196,12758.0,10555,5177,P05_CIRCLE_INSTANCES,200,0.2
5d3115914cb731856be002715380ea94318c9b42dd85cb79e47cbdff53b4d58b,2302.219870543575,10.0,7088.576315030343,100000,7101.749276394597,0.0,100,0,0.0003264226240973791,-0.1858336678455773,17444.0,10588,3645,P05_CIRCLE_INSTANCES,500,0.1
436aa4c85a4c0f317586c51e5740f81368b6de3416a03f1885855df588060038,4449.917552537145,10.0,11877.563368366988,100000,11911.60593172451,0.0,100,0,0.0003127538517725909,-0.2866123488609404,33896.0,27743,10122,P05_CIRCLE_INSTANCES,500,0.1
45bd42fbd18c9335c7c531ba0e4563e6894c89a2c6e7c315243f19edae330310,6942.10219092599,10.0,15924.109633780788,100000,15968.955132815074,0.0,100,0,0.000335870267354578,-0.2816201349126205,21440.0,9651,2437,P05_CIRCLE_INSTANCES,500,0.1
ba43e67d8e3796ee2e999119c5dc8379b4f9be7d06a0d222346f9c47d77b4ca0,9107.33442898436,10.0,19728.370164265856,100000,19765.14671947962,0.0,100,0,0.00032848584483289564,-0.1864145639378665,27473.0,9149,3632,P05_CIRCLE_INSTANCES,500,0.1
91e973abdb8672b037a131a7840a237e41e66f206c8ca2e7635f8b37f6b6fc74,11472.83842655871,10.0,23261.252238765457,100000,23297.15406817769,1.0527020676436337e-05,100,0,0.0003286236579051942,-0.1543417742248838,33830.0,8453,3578,P05_CIRCLE_INSTANCES,500,0.1
cfb042099a45077c9c1a5b6e471791043b2d0cd8e08ec3fa0874f06d2dee23bd,13175.79831058804,10.0,26078.633311524703,100000,26141.214311916578,0.0,100,0,0.0003215225159486162,-0.239970398925064,21401.0,9179,3575,P05_CIRCLE_INSTANCES,500,0.1
8d0e6d108bdbda8b9b556ac0b5d8ed91dd3e0a5407dc183c126c671dd235420b,15733.584105032358,10.0,29332.394561195662,100000,29424.93095477623,0.0,100,0,0.0003315187338829839,-0.3154750744522691,18225.0,12209,3062,P05_CIRCLE_INSTANCES,500,0.1
d9fc20a8da03e2fa9680eb412d5061df2fbfd8551800f1b220d6aa1a23d4e7c5,18599.932616815942,10.0,32810.369184550684,100000,32874.54678772137,0.0,100,0,0.00033790467702739317,-0.1956015880519328,43634.0,92998,68948,P05_CIRCLE_INSTANCES,500,0.1
7f1f4a06fb71ce6dcdde6116b7ade315fd6b43b05ced158e712c5db8c5a48071,21055.96520345058,10.0,35719.027731569455,100000,35873.78022114176,0.0,100,0,0.0003410477838385307,-0.4332494454644103,30057.0,33375,14721,P05_CIRCLE_INSTANCES,500,0.1
fb9a3a69b54e25f1fcb1dc69eb7ad3e1baf6fd31fc0ec22fb4536fc48ce489c7,22494.742941357956,10.0,37778.4332484559,100000,37868.186187086176,0.0,100,0,0.0003361451332043626,-0.2375771860098144,29168.0,25763,12241,P05_CIRCLE_INSTANCES,500,0.1
361f9d623f91a60ea76f2e4cbfb37192d4bf4f84f90fd2179050a846745c3acf,2302.219870543575,10.0,7010.1626082429075,100000,7029.329717371968,0.0,100,0,0.0006539525298071983,-0.2734188948273932,28355.0,18341,6820,P05_CIRCLE_INSTANCES,500,0.2
d0526bc80af988a26debcf8cdd077cae9cde85bfe3c8273fdc314e874ce6319f,4449.917552537145,10.0,11772.13894136817,100000,11823.7646720123,0.0,100,0,0.000626543540554344,-0.4385416354772429,16140.0,12908,2687,P05_CIRCLE_INSTANCES,500,0.2
8e9415d531114fd38ceef3e343062c8673fc39040177290b607dd1a8b51c0684,6942.10219092599,10.0,15766.98727158405,100000,15846.031984062163,0.0,100,0,0.0006745208162427739,-0.5013304768791872,16709.0,17925,6603,P05_CIRCLE_INSTANCES,500,0.2
d72d01cc6df63df52176912eb6dd079ef36d191486d6efdf363f1481ccd5f2b8,9107.33442898436,10.0,19538.760689033243,100000,19624.549022042906,0.0,100,0,0.0006598755368671267,-0.4390674228269284,26989.0,9589,3497,P05_CIRCLE_INSTANCES,500,0.2
159e2769767be59180f331f6265e3e0b53e63dda992a071a92c1fba8d38de109,11472.83842655871,10.0,23039.16352028805,100000,23144.72505253141,0.0,100,0,0.0006599383186729093,-0.4581830071669309,25097.0,8837,3907,P05_CIRCLE_INSTANCES,500,0.2
95dc54e3d9feb8f63959b1a954408e950d9c88f94843801a9bca78606b902bb9,13175.79831058804,10.0,25817.09301030935,100000,25968.501854471386,0.0,100,0,0.000646951453529661,-0.5864674388459319,22331.0,14311,3825,P05_CIRCLE_INSTANCES,500,0.2
df44d6acd140768038f15d6c615b915146eb66677890ea3976b39ce88aa3c017,15733.584105032358,10.0,29022.384574943622,100000,29227.891416387156,1.7119463021784183e-05,100,0,0.000667556536635335,-0.7080977130354533,19451.0,7602,4310,P05_CIRCLE_INSTANCES,500,0.2
0f101085f0061c904a17cfc07c6c47b7babb76a711d87ac271ce99dbc0ac2a79,18599.932616815942,10.0,32477.44786846371,100000,32677.388641201804,0.0,100,0,0.0006802961255479243,-0.6156295702416819,20298.0,17414,7042,P05_CIRCLE_INSTANCES,500,0.2
3e7d0867123a11f9fb0688d962d5b4026df78a701d81b5d7bbf467939756fed9,21055.96520345058,10.0,35435.78451172666,100000,35650.02703501529,0.0,100,0,0.0006830424026423753,-0.6045937072953249,20894.0,11654,5932,P05_CIRCLE_INSTANCES,500,0.2
755c157798c4f177ab333e553f0b6bbb683b335b635465c90a33c372da6ddda9,22494.742941357956,10.0,37371.65731874537,100000,37642.716919061415,3.035453352053979e-05,100,0,0.0006774971967322594,-0.7253079466189064,12600.0,171,0,P05_CIRCLE_INSTANCES,500,0.2
